1,0.0,864,-1.406872184967737,0.0,90000000000.0,0.0,0.0,2.0,2.0
2,0.9997731494586931,865,1.53390193850139,0.0,90000000000.0,0.0,0.0,2.0,2.0
3,1.9995462989173864,866,1.4601131619143715,0.0,90000000000.0,0.0,0.0,2.0,2.0
4,2.9993194483760797,867,1.3863243853273568,0.0,90000000000.0,0.0,0.0,2.0,2.0
5,3.9990925978347724,868,1.3125356087403428,0.0,90000000000.0,0.0,0.0,2.0,2.0
6,4.9988657472934666,869,1.2387468321533242,0.0,90000000000.0,0.0,0.0,2.0,2.0
7,5.998638896752159,870,1.1649580555663106,0.0,90000000000.0,0.0,0.0,2.0,2.0
8,6.998412046210851,871,1.0911692789792937,0.0,90000000000.0,0.0,0.0,2.0,2.0
9,7.998185195669546,872,1.017380502392279,0.0,90000000000.0,0.0,0.0,2.0,2.0
10,8.99795834512824,873,0.943591725805262,0.0,90000000000.0,0.0,0.0,2.0,2.0
11,9.997731494586933,874,0.8698029492182464,0.0,90000000000.0,0.0,0.0,2.0,2.0
12,10.997504644045625,875,0.7960141726312319,0.0,90000000000.0,0.0,0.0,2.0,2.0
13,11.997277793504319,876,0.7222253960442152,0.0,90000000000.0,0.0,0.0,2.0,2.0
14,12.997050942963012,877,0.6484366194572,0.0,90000000000.0,0.0,0.0,2.0,2.0
15,13.996824092421704,878,0.5746478428701816,0.0,90000000000.0,0.0,0.0,2.0,2.0
16,14.996597241880398,879,0.5008590662831701,0.0,90000000000.0,0.0,0.0,2.0,2.0
17,15.996370391339092,880,0.427070289696151,0.0,90000000000.0,0.0,0.0,2.0,2.0
18,16.996143540797785,881,0.35328151310913886,0.0,90000000000.0,0.0,0.0,2.0,2.0
19,17.99591669025648,882,0.27949273652211887,0.0,90000000000.0,0.0,0.0,2.0,2.0
20,18.995689839715173,883,0.20570395993510543,0.0,90000000000.0,0.0,0.0,2.0,2.0
21,19.995462989173866,884,0.13191518334808994,0.0,90000000000.0,0.0,0.0,2.0,2.0
22,20.99523613863256,885,0.058126406761071524,0.0,90000000000.0,0.0,0.0,2.0,2.0
23,21.995009288091254,886,-0.01566236982594017,0.0,90000000000.0,0.0,0.0,2.0,2.0
24,22.994782437549944,887,-0.08945114641295814,0.0,90000000000.0,0.0,0.0,2.0,2.0
25,46.07463875517797,888,-2.51978336185208,0.0,90000000000.0,0.0,0.0,2.0,2.0
26,47.074495467306456,889,1.541474591033685,0.0,90000000000.0,0.0,0.0,2.0,2.0
27,48.074352179434946,890,1.4828311195112613,0.0,90000000000.0,0.0,0.0,2.0,2.0
28,49.07420889156343,891,1.4241876479888396,0.0,90000000000.0,0.0,0.0,2.0,2.0
29,50.07406560369191,892,1.3655441764664165,0.0,90000000000.0,0.0,0.0,2.0,2.0
30,51.073922315820404,893,1.3069007049439931,0.0,90000000000.0,0.0,0.0,2.0,2.0
31,52.07377902794889,894,1.2482572334215711,0.0,90000000000.0,0.0,0.0,2.0,2.0
32,53.07363574007737,895,1.1896137618991478,0.0,90000000000.0,0.0,0.0,2.0,2.0
33,54.073492452205855,896,1.1309702903767238,0.0,90000000000.0,0.0,0.0,2.0,2.0
34,55.07334916433434,897,1.0723268188543005,0.0,90000000000.0,0.0,0.0,2.0,2.0
35,56.07320587646283,898,1.0136833473318807,0.0,90000000000.0,0.0,0.0,2.0,2.0
36,57.07306258859131,899,0.9550398758094534,0.0,90000000000.0,0.0,0.0,2.0,2.0
37,58.072919300719796,900,0.8963964042870328,0.0,90000000000.0,0.0,0.0,2.0,2.0
38,59.07277601284828,901,0.8377529327646084,0.0,90000000000.0,0.0,0.0,2.0,2.0
39,60.07263272497676,902,0.7791094612421874,0.0,90000000000.0,0.0,0.0,2.0,2.0
40,61.07248943710525,903,0.7204659897197631,0.0,90000000000.0,0.0,0.0,2.0,2.0
41,62.07234614923374,904,0.6618225181973414,0.0,90000000000.0,0.0,0.0,2.0,2.0
42,63.07220286136222,905,0.6031790466749165,0.0,90000000000.0,0.0,0.0,2.0,2.0
43,64.0720595734907,906,0.5445355751524957,0.0,90000000000.0,0.0,0.0,2.0,2.0
44,65.0719162856192,907,0.48589210363007185,0.0,90000000000.0,0.0,0.0,2.0,2.0
45,66.07177299774769,908,0.4272486321076475,0.0,90000000000.0,0.0,0.0,2.0,2.0
46,67.07162970987618,909,0.368605160585228,0.0,90000000000.0,0.0,0.0,2.0,2.0
47,68.07148642200465,910,0.30996168906280425,0.0,90000000000.0,0.0,0.0,2.0,2.0
48,69.07134313413314,911,0.2513182175403785,0.0,90000000000.0,0.0,0.0,2.0,2.0
49,70.07119984626164,912,0.19267474601795934,0.0,90000000000.0,0.0,0.0,2.0,2.0
50,71.07105655839013,913,0.13403127449553287,0.0,90000000000.0,0.0,0.0,2.0,2.0
51,72.07091327051862,914,0.07538780297311105,0.0,90000000000.0,0.0,0.0,2.0,2.0
52,73.0707699826471,915,0.01674433145068917,0.0,90000000000.0,0.0,0.0,2.0,2.0
53,74.0706266947756,916,-0.04189914007173583,0.0,90000000000.0,0.0,0.0,2.0,2.0
54,75.07048340690409,917,-0.10054261159415537,0.0,90000000000.0,0.0,0.0,2.0,2.0
55,93.6963774562066,918,2.4449923361868025,0.0,90000000000.0,0.0,0.0,2.0,2.0
56,94.69627137240678,919,1.5960257353632186,0.0,90000000000.0,0.0,0.0,2.0,2.0
57,95.69616528860696,920,1.6464845524998568,0.0,90000000000.0,0.0,0.0,2.0,2.0
58,96.69605920480714,921,1.6969433696365015,0.0,90000000000.0,0.0,0.0,2.0,2.0
59,97.69595312100732,922,1.7474021867731413,0.0,90000000000.0,0.0,0.0,2.0,2.0
60,98.6958470372075,923,1.7978610039097855,0.0,90000000000.0,0.0,0.0,2.0,2.0
61,99.69574095340768,924,1.848319821046425,0.0,90000000000.0,0.0,0.0,2.0,2.0
62,100.69563486960786,925,1.8987786381830658,0.0,90000000000.0,0.0,0.0,2.0,2.0
63,101.69552878580804,926,1.9492374553197092,0.0,90000000000.0,0.0,0.0,2.0,2.0
64,102.69542270200822,927,1.9996962724563485,0.0,90000000000.0,0.0,0.0,2.0,2.0
65,103.6953166182084,928,2.0501550895929928,0.0,90000000000.0,0.0,0.0,2.0,2.0
66,104.69521053440857,929,2.1006139067296306,0.0,90000000000.0,0.0,0.0,2.0,2.0
67,105.69510445060875,930,2.151072723866276,0.0,90000000000.0,0.0,0.0,2.0,2.0
68,106.69499836680893,931,2.2015315410029146,0.0,90000000000.0,0.0,0.0,2.0,2.0
69,107.69489228300911,932,2.251990358139555,0.0,90000000000.0,0.0,0.0,2.0,2.0
70,108.69478619920929,933,2.302449175276198,0.0,90000000000.0,0.0,0.0,2.0,2.0
71,109.69468011540947,934,2.3529079924128435,0.0,90000000000.0,0.0,0.0,2.0,2.0
72,110.69457403160965,935,2.403366809549484,0.0,90000000000.0,0.0,0.0,2.0,2.0
73,111.69446794780983,936,2.453825626686124,0.0,90000000000.0,0.0,0.0,2.0,2.0
74,112.69436186401,937,2.5042844438227596,0.0,90000000000.0,0.0,0.0,2.0,2.0
75,113.69425578021018,938,2.554743260959408,0.0,90000000000.0,0.0,0.0,2.0,2.0
76,114.69414969641036,939,2.6052020780960485,0.0,90000000000.0,0.0,0.0,2.0,2.0
77,115.69404361261054,940,2.6556608952326926,0.0,90000000000.0,0.0,0.0,2.0,2.0
78,116.69393752881072,941,2.7061197123693357,0.0,90000000000.0,0.0,0.0,2.0,2.0
79,117.6938314450109,942,2.7565785295059677,0.0,90000000000.0,0.0,0.0,2.0,2.0
80,118.69372536121108,943,2.8070373466426144,0.0,90000000000.0,0.0,0.0,2.0,2.0
81,119.69361927741126,944,2.857496163779256,0.0,90000000000.0,0.0,0.0,2.0,2.0
82,120.69351319361144,945,2.907954980915897,0.0,90000000000.0,0.0,0.0,2.0,2.0
83,121.69340710981162,946,2.9584137980525416,0.0,90000000000.0,0.0,0.0,2.0,2.0
84,122.6933010260118,947,3.0088726151891754,0.0,90000000000.0,0.0,0.0,2.0,2.0
85,146.9760190071991,948,-0.9465971562048061,0.0,90000000000.0,0.0,0.0,2.0,2.0
86,147.97586253868494,949,1.6014370702032166,0.0,90000000000.0,0.0,0.0,2.0,2.0
87,148.97570607017076,950,1.6627185570198544,0.0,90000000000.0,0.0,0.0,2.0,2.0
88,149.97554960165655,951,1.7240000438364964,0.0,90000000000.0,0.0,0.0,2.0,2.0
89,150.97539313314238,952,1.7852815306531356,0.0,90000000000.0,0.0,0.0,2.0,2.0
90,151.97523666462817,953,1.8465630174697767,0.0,90000000000.0,0.0,0.0,2.0,2.0
91,152.97508019611396,954,1.9078445042864147,0.0,90000000000.0,0.0,0.0,2.0,2.0
92,153.97492372759976,955,1.9691259911030556,0.0,90000000000.0,0.0,0.0,2.0,2.0
93,154.97476725908558,956,2.030407477919695,0.0,90000000000.0,0.0,0.0,2.0,2.0
94,155.9746107905714,957,2.091688964736332,0.0,90000000000.0,0.0,0.0,2.0,2.0
95,156.9744543220572,958,2.1529704515529757,0.0,90000000000.0,0.0,0.0,2.0,2.0
96,157.97429785354302,959,2.2142519383696118,0.0,90000000000.0,0.0,0.0,2.0,2.0
97,158.97414138502884,960,2.275533425186252,0.0,90000000000.0,0.0,0.0,2.0,2.0
98,159.97398491651467,961,2.3368149120028945,0.0,90000000000.0,0.0,0.0,2.0,2.0
99,160.97382844800046,962,2.3980963988195314,0.0,90000000000.0,0.0,0.0,2.0,2.0
100,161.97367197948628,963,2.459377885636169,0.0,90000000000.0,0.0,0.0,2.0,2.0
101,162.97351551097208,964,2.5206593724528137,0.0,90000000000.0,0.0,0.0,2.0,2.0
102,163.97335904245787,965,2.581940859269454,0.0,90000000000.0,0.0,0.0,2.0,2.0
103,164.9732025739437,966,2.6432223460860884,0.0,90000000000.0,0.0,0.0,2.0,2.0
104,165.9730461054295,967,2.7045038329027307,0.0,90000000000.0,0.0,0.0,2.0,2.0
105,166.97288963691528,968,2.7657853197193747,0.0,90000000000.0,0.0,0.0,2.0,2.0
106,167.9727331684011,969,2.8270668065360054,0.0,90000000000.0,0.0,0.0,2.0,2.0
107,168.97257669988693,970,2.8883482933526476,0.0,90000000000.0,0.0,0.0,2.0,2.0
108,169.97242023137272,971,2.94962978016929,0.0,90000000000.0,0.0,0.0,2.0,2.0
109,197.26850119330356,972,1.3973435087422843,0.0,90000000000.0,0.0,0.0,2.0,2.0
110,198.59667544428208,973,1.5570589322338884,0.0,90000000000.0,0.0,0.0,2.0,2.0
111,199.9137957011974,974,1.5296363427606317,0.0,90000000000.0,0.0,0.0,2.0,2.0
112,201.2199779405818,975,1.5023422472917043,0.0,90000000000.0,0.0,0.0,2.0,2.0
113,202.5153056457958,976,1.4751645052677855,0.0,90000000000.0,0.0,0.0,2.0,2.0
114,203.79983163497994,977,1.4480885983594638,0.0,90000000000.0,0.0,0.0,2.0,2.0
115,205.07357999016097,978,1.421097646788449,0.0,90000000000.0,0.0,0.0,2.0,2.0
116,206.3365480859634,979,1.3941724200789782,0.0,90000000000.0,0.0,0.0,2.0,2.0
117,207.58870871755744,980,1.3672913403030023,0.0,90000000000.0,0.0,0.0,2.0,2.0
118,208.83001232874219,981,1.3404304761140446,0.0,90000000000.0,0.0,0.0,2.0,2.0
119,210.06038934241096,982,1.3135635261117777,0.0,90000000000.0,0.0,0.0,2.0,2.0
120,211.27975259705752,983,1.2866617903425128,0.0,90000000000.0,0.0,0.0,2.0,2.0
121,212.48799989443543,984,1.2596941290249635,0.0,90000000000.0,0.0,0.0,2.0,2.0
122,213.68501666496383,985,1.2326269079055836,0.0,90000000000.0,0.0,0.0,2.0,2.0
123,214.87067875894797,986,1.2054239300039182,0.0,90000000000.0,0.0,0.0,2.0,2.0
124,216.04485537312092,987,1.1780463539261568,0.0,90000000000.0,0.0,0.0,2.0,2.0
125,217.20741212336898,988,1.1504525994259005,0.0,90000000000.0,0.0,0.0,2.0,2.0
126,218.35821427571568,989,1.122598241503957,0.0,90000000000.0,0.0,0.0,2.0,2.0
127,219.4971301486345,990,1.0944358951032263,0.0,90000000000.0,0.0,0.0,2.0,2.0
128,220.62403470043685,991,1.0659150934125814,0.0,90000000000.0,0.0,0.0,2.0,2.0
129,221.73881331570797,992,1.0369821640006338,0.0,90000000000.0,0.0,0.0,2.0,2.0
130,222.841365804379,993,1.0075801085213367,0.0,90000000000.0,0.0,0.0,2.0,2.0
131,223.93161062581734,994,0.9776484936413247,0.0,90000000000.0,0.0,0.0,2.0,2.0
132,225.0094893480409,995,0.9471233632181424,0.0,90000000000.0,0.0,0.0,2.0,2.0
133,226.07497134850485,996,0.9159371846961437,0.0,90000000000.0,0.0,0.0,2.0,2.0
134,227.12805875752366,997,0.8840188462722266,0.0,90000000000.0,0.0,0.0,2.0,2.0
135,228.16879163787834,998,0.8512937256918268,0.0,90000000000.0,0.0,0.0,2.0,2.0
136,229.19725338410774,999,0.8176838566077709,0.0,90000000000.0,0.0,0.0,2.0,2.0
137,230.21357631200542,1000,0.7831082242584589,0.0,90000000000.0,0.0,0.0,2.0,2.0
138,231.21794739264217,1001,0.7474832286688277,0.0,90000000000.0,0.0,0.0,2.0,2.0
139,232.2106140657173,1002,0.7107233603674359,0.0,90000000000.0,0.0,0.0,2.0,2.0
140,233.19189004446412,1003,0.6727421402042212,0.0,90000000000.0,0.0,0.0,2.0,2.0
141,234.16216099951313,1004,0.6334533803724769,0.0,90000000000.0,0.0,0.0,2.0,2.0
142,235.12188998365667,1005,0.5927728268449374,0.0,90000000000.0,0.0,0.0,2.0,2.0
143,236.07162243602136,1006,0.5506202422350338,0.0,90000000000.0,0.0,0.0,2.0,2.0
144,237.01199058664295,1007,0.5069219800839491,0.0,90000000000.0,0.0,0.0,2.0,2.0
145,237.94371707602406,1008,0.461614083688135,0.0,90000000000.0,0.0,0.0,2.0,2.0
146,238.86761761508495,1009,0.41464591147346896,0.0,90000000000.0,0.0,0.0,2.0,2.0
147,239.7846025452461,1010,0.36598424350335906,0.0,90000000000.0,0.0,0.0,2.0,2.0
148,240.69567722103912,1011,0.3156177581867963,0.0,90000000000.0,0.0,0.0,2.0,2.0
149,241.6019412297078,1012,0.2635616854889935,0.0,90000000000.0,0.0,0.0,2.0,2.0
150,242.5045865783066,1013,0.20986234823209812,0.0,90000000000.0,0.0,0.0,2.0,2.0
151,243.40489510443652,1014,0.1546012076298404,0.0,90000000000.0,0.0,0.0,2.0,2.0
152,244.3042354778061,1015,0.09789795089213411,0.0,90000000000.0,0.0,0.0,2.0,2.0
153,245.20406022477124,1016,0.03991212078345799,0.0,90000000000.0,0.0,0.0,2.0,2.0
154,246.10590319491521,1017,-0.019157186043218928,0.0,90000000000.0,0.0,0.0,2.0,2.0
155,247.01137777604623,1018,-0.07907391439734941,0.0,90000000000.0,0.0,0.0,2.0,2.0
156,247.92217595269472,1019,-0.13957010291332816,0.0,90000000000.0,0.0,0.0,2.0,2.0
157,248.84006802483987,1020,-0.2003532860005827,0.0,90000000000.0,0.0,0.0,2.0,2.0
158,249.7669025186378,1021,-0.2611158358346233,0.0,90000000000.0,0.0,0.0,2.0,2.0
159,250.7046056045314,1022,-0.32154555871458873,0.0,90000000000.0,0.0,0.0,2.0,2.0
160,251.65517925654984,1023,-0.3813366701293339,0.0,90000000000.0,0.0,0.0,2.0,2.0
161,252.62069747307262,1024,-0.44020021374827706,0.0,90000000000.0,0.0,0.0,2.0,2.0
162,253.6033001203446,1025,-0.497873075723147,0.0,90000000000.0,0.0,0.0,2.0,2.0
163,254.60518429900617,1026,-0.554124956292681,0.0,90000000000.0,0.0,0.0,2.0,2.0
164,255.6285934906431,1027,-0.608762946756093,0.0,90000000000.0,0.0,0.0,2.0,2.0
165,256.6758050384284,1028,-0.6616336603637524,0.0,90000000000.0,0.0,0.0,2.0,2.0
166,257.7491167006785,1029,-0.7126231254597355,0.0,90000000000.0,0.0,0.0,2.0,2.0
167,303.09763632938075,1030,-2.3760541878581436,0.0,90000000000.0,0.0,0.0,2.0,2.0
168,304.32959829409407,1031,1.5570595297180556,0.0,90000000000.0,0.0,0.0,2.0,2.0
169,305.55097418243895,1032,1.5296369933755432,0.0,90000000000.0,0.0,0.0,2.0,2.0
170,306.76184166742485,1033,1.5023429724180413,0.0,90000000000.0,0.0,0.0,2.0,2.0
171,307.962237574587,1034,1.4751653265807805,0.0,90000000000.0,0.0,0.0,2.0,2.0
172,309.15215977415124,1035,1.4480895379533214,0.0,90000000000.0,0.0,0.0,2.0,2.0
173,310.33156915853914,1036,1.4210987273481124,0.0,90000000000.0,0.0,0.0,2.0,2.0
174,311.50039169650495,1037,1.3941736650991234,0.0,90000000000.0,0.0,0.0,2.0,2.0
175,312.65852055716,1038,1.367292774354753,0.0,90000000000.0,0.0,0.0,2.0,2.0
176,313.80581829924427,1039,1.340432125160461,0.0,90000000000.0,0.0,0.0,2.0,2.0
177,314.94211912324704,1040,1.3135654178741587,0.0,90000000000.0,0.0,0.0,2.0,2.0
178,316.06723118634187,1041,1.2866639547201926,0.0,90000000000.0,0.0,0.0,2.0,2.0
179,317.18093898260224,1042,1.2596965985722959,0.0,90000000000.0,0.0,0.0,2.0,2.0
180,318.2830057936099,1043,1.2326297183704746,0.0,90000000000.0,0.0,0.0,2.0,2.0
181,319.3731762173896,1044,1.2054271209327414,0.0,90000000000.0,0.0,0.0,2.0,2.0
182,320.4511787866363,1045,1.178049969340061,0.0,90000000000.0,0.0,0.0,2.0,2.0
183,321.51672869049094,1046,1.1504566885728689,0.0,90000000000.0,0.0,0.0,2.0,2.0
184,322.5695306177223,1047,1.122602859689603,0.0,90000000000.0,0.0,0.0,2.0,2.0
185,323.6092817431585,1048,1.0944411046004228,0.0,90000000000.0,0.0,0.0,2.0,2.0
186,324.63567488364333,1049,1.065920964444991,0.0,90000000000.0,0.0,0.0,2.0,2.0
187,325.6484018547598,1050,1.036988775787662,0.0,90000000000.0,0.0,0.0,2.0,2.0
188,326.6471570651329,1051,1.0075875503600447,0.0,90000000000.0,0.0,0.0,2.0,2.0
189,327.63164139137274,1052,0.9776568659839482,0.0,90000000000.0,0.0,0.0,2.0,2.0
190,328.6015663836901,1053,0.9471327786789837,0.0,90000000000.0,0.0,0.0,2.0,2.0
191,329.55665885991857,1054,0.9159477688879213,0.0,90000000000.0,0.0,0.0,2.0,2.0
192,330.4966659540483,1055,0.8840307383251477,0.0,90000000000.0,0.0,0.0,2.0,2.0
193,331.4213606942406,1056,0.8513070782471738,0.0,90000000000.0,0.0,0.0,2.0,2.0
194,332.3305481942967,1057,0.8176988349990327,0.0,90000000000.0,0.0,0.0,2.0,2.0
195,333.2240725510939,1058,0.7831250044936531,0.0,90000000000.0,0.0,0.0,2.0,2.0
196,334.1018245476022,1059,0.7475019937124553,0.0,90000000000.0,0.0,0.0,2.0,2.0
197,334.9637502652658,1060,0.7107442940915332,0.0,90000000000.0,0.0,0.0,2.0,2.0
198,335.80986070863463,1061,0.6727654182538397,0.0,90000000000.0,0.0,0.0,2.0,2.0
199,336.6402425361536,1062,0.6334791570964731,0.0,90000000000.0,0.0,0.0,2.0,2.0
200,337.45506997,1063,0.5928012174274153,0.0,90000000000.0,0.0,0.0,2.0,2.0
201,338.2546179197908,1064,0.5506512992950439,0.0,90000000000.0,0.0,0.0,2.0,2.0
202,339.03927629399584,1065,0.5069556643867925,0.0,90000000000.0,0.0,0.0,2.0,2.0
203,339.8095653827745,1066,0.4616502293449609,0.0,90000000000.0,0.0,0.0,2.0,2.0
204,340.5661520712212,1067,0.4146841872013205,0.0,90000000000.0,0.0,0.0,2.0,2.0
205,341.30986647972776,1068,0.36602411323282663,0.0,90000000000.0,0.0,0.0,2.0,2.0
206,342.0417184306197,1069,0.31565844645527014,0.0,90000000000.0,0.0,0.0,2.0,2.0
207,342.7629129181547,1070,0.2636021553438965,0.0,90000000000.0,0.0,0.0,2.0,2.0
208,343.4748635349159,1071,0.20990130116914535,0.0,90000000000.0,0.0,0.0,2.0,2.0
209,344.17920261788856,1072,0.1546371154811868,0.0,90000000000.0,0.0,0.0,2.0,2.0
210,344.87778677095366,1073,0.09792912748610935,0.0,90000000000.0,0.0,0.0,2.0,2.0
211,345.57269645229843,1074,0.03993683581508849,0.0,90000000000.0,0.0,0.0,2.0,2.0
212,346.26622853412005,1075,-0.019140557105127784,0.0,90000000000.0,0.0,0.0,2.0,2.0
213,346.96088117292334,1076,-0.07906672093748314,0.0,90000000000.0,0.0,0.0,2.0,2.0
214,347.65933095491306,1077,-0.13957325613080732,0.0,90000000000.0,0.0,0.0,2.0,2.0
215,348.3644030334764,1078,-0.20036713239297896,0.0,90000000000.0,0.0,0.0,2.0,2.0
216,349.0790357379545,1079,-0.2611400940664389,0.0,90000000000.0,0.0,0.0,2.0,2.0
217,349.80624176387477,1080,-0.3215793353073576,0.0,90000000000.0,0.0,0.0,2.0,2.0
218,350.54906842653804,1081,-0.3813785527448452,0.0,90000000000.0,0.0,0.0,2.0,2.0
219,351.31055949572954,1082,-0.4402484241618196,0.0,90000000000.0,0.0,0.0,2.0,2.0
220,352.09372082829805,1083,-0.4979256532427473,0.0,90000000000.0,0.0,0.0,2.0,2.0
221,352.90149145117806,1084,-0.5541799394847845,0.0,90000000000.0,0.0,0.0,2.0,2.0
222,353.7367210436819,1085,-0.6088185266350735,0.0,90000000000.0,0.0,0.0,2.0,2.0
223,354.6021540598984,1086,-0.6616882886953761,0.0,90000000000.0,0.0,0.0,2.0,2.0
224,355.50042013128166,1087,-0.7126755734906994,0.0,90000000000.0,0.0,0.0,2.0,2.0
225,429.3882952280727,1088,-2.8289451374157926,0.0,90000000000.0,0.0,0.0,2.0,2.0
226,430.4853763520578,1089,-0.02777777777777094,0.0,90000000000.0,0.0,0.0,2.0,2.0
227,431.5824574760429,1090,-0.08333333333333817,0.0,90000000000.0,0.0,0.0,2.0,2.0
228,432.679538600028,1091,-0.13888888888889403,0.0,90000000000.0,0.0,0.0,2.0,2.0
229,433.77661972401313,1092,-0.19444444444443848,0.0,90000000000.0,0.0,0.0,2.0,2.0
230,434.87370084799824,1093,-0.2500000000000042,0.0,90000000000.0,0.0,0.0,2.0,2.0
231,435.97078197198334,1094,-0.3055555555555519,0.0,90000000000.0,0.0,0.0,2.0,2.0
232,437.06786309596845,1095,-0.3611111111111102,0.0,90000000000.0,0.0,0.0,2.0,2.0
233,438.16494421995355,1096,-0.4166666666666693,0.0,90000000000.0,0.0,0.0,2.0,2.0
234,439.26202534393866,1097,-0.47222222222221893,0.0,90000000000.0,0.0,0.0,2.0,2.0
235,440.35910646792377,1098,-0.5277777777777856,0.0,90000000000.0,0.0,0.0,2.0,2.0
236,441.4561875919089,1099,-0.5833333333333249,0.0,90000000000.0,0.0,0.0,2.0,2.0
237,442.553268715894,1100,-0.6388888888888928,0.0,90000000000.0,0.0,0.0,2.0,2.0
238,443.6503498398791,1101,-0.6944444444444396,0.0,90000000000.0,0.0,0.0,2.0,2.0
239,444.7474309638642,1102,-0.7500000000000043,0.0,90000000000.0,0.0,0.0,2.0,2.0
240,445.8445120878493,1103,-0.8055555555555567,0.0,90000000000.0,0.0,0.0,2.0,2.0
241,446.9415932118344,1104,-0.8611111111111126,0.0,90000000000.0,0.0,0.0,2.0,2.0
242,448.0386743358195,1105,-0.9166666666666623,0.0,90000000000.0,0.0,0.0,2.0,2.0
243,449.1357554598046,1106,-0.9722222222222265,0.0,90000000000.0,0.0,0.0,2.0,2.0
244,450.2328365837897,1107,-1.027777777777778,0.0,90000000000.0,0.0,0.0,2.0,2.0
245,451.3299177077748,1108,-1.0833333333333335,0.0,90000000000.0,0.0,0.0,2.0,2.0
246,452.42699883175993,1109,-1.1388888888888902,0.0,90000000000.0,0.0,0.0,2.0,2.0
247,453.52407995574504,1110,-1.194444444444442,0.0,90000000000.0,0.0,0.0,2.0,2.0
248,454.62116107973014,1111,-1.2500000000000013,0.0,90000000000.0,0.0,0.0,2.0,2.0
249,455.71824220371525,1112,-1.3055555555555587,0.0,90000000000.0,0.0,0.0,2.0,2.0
250,456.81532332770036,1113,-1.361111111111109,0.0,90000000000.0,0.0,0.0,2.0,2.0
251,457.91240445168546,1114,-1.4166666666666679,0.0,90000000000.0,0.0,0.0,2.0,2.0
252,459.00948557567057,1115,-1.472222222222222,0.0,90000000000.0,0.0,0.0,2.0,2.0
253,460.1065666996557,1116,-1.527777777777778,0.0,90000000000.0,0.0,0.0,2.0,2.0
254,461.2036478236408,1117,-1.5833333333333333,0.0,90000000000.0,0.0,0.0,2.0,2.0
255,462.3007289476259,1118,-1.6388888888888897,0.0,90000000000.0,0.0,0.0,2.0,2.0
256,463.397810071611,1119,-1.6944444444444458,0.0,90000000000.0,0.0,0.0,2.0,2.0
257,464.4948911955961,1120,-1.75,0.0,90000000000.0,0.0,0.0,2.0,2.0
258,465.5919723195812,1121,-1.8055555555555582,0.0,90000000000.0,0.0,0.0,2.0,2.0
259,466.6890534435663,1122,-1.8611111111111118,0.0,90000000000.0,0.0,0.0,2.0,2.0
260,467.7861345675514,1123,-1.9166666666666652,0.0,90000000000.0,0.0,0.0,2.0,2.0
261,468.8832156915365,1124,-1.9722222222222228,0.0,90000000000.0,0.0,0.0,2.0,2.0
262,469.9802968155216,1125,-2.0277777777777795,0.0,90000000000.0,0.0,0.0,2.0,2.0
263,471.07737793950673,1126,-2.083333333333332,0.0,90000000000.0,0.0,0.0,2.0,2.0
264,472.17445906349184,1127,-2.138888888888891,0.0,90000000000.0,0.0,0.0,2.0,2.0
265,473.27154018747694,1128,-2.1944444444444415,0.0,90000000000.0,0.0,0.0,2.0,2.0
266,474.36862131146205,1129,-2.2499999999999982,0.0,90000000000.0,0.0,0.0,2.0,2.0
267,475.46570243544716,1130,-2.3055555555555576,0.0,90000000000.0,0.0,0.0,2.0,2.0
268,476.56278355943226,1131,-2.3611111111111054,0.0,90000000000.0,0.0,0.0,2.0,2.0
269,477.65986468341737,1132,-2.4166666666666683,0.0,90000000000.0,0.0,0.0,2.0,2.0
270,478.7569458074025,1133,-2.472222222222217,0.0,90000000000.0,0.0,0.0,2.0,2.0
271,479.8540269313876,1134,-2.52777777777778,0.0,90000000000.0,0.0,0.0,2.0,2.0
272,480.9511080553727,1135,-2.5833333333333357,0.0,90000000000.0,0.0,0.0,2.0,2.0
273,482.0481891793578,1136,-2.638888888888888,0.0,90000000000.0,0.0,0.0,2.0,2.0
274,483.1452703033429,1137,-2.6944444444444433,0.0,90000000000.0,0.0,0.0,2.0,2.0
275,484.242351427328,1138,-2.74999999999999,0.0,90000000000.0,0.0,0.0,2.0,2.0
276,485.3394325513131,1139,-2.8055555555555554,0.0,90000000000.0,0.0,0.0,2.0,2.0
277,486.4365136752982,1140,-2.8611111111111116,0.0,90000000000.0,0.0,0.0,2.0,2.0
278,487.5335947992833,1141,-2.916666666666661,0.0,90000000000.0,0.0,0.0,2.0,2.0
279,488.6306759232684,1142,-2.972222222222225,0.0,90000000000.0,0.0,0.0,2.0,2.0
280,489.72775704725353,1143,-3.0277777777777715,0.0,90000000000.0,0.0,0.0,2.0,2.0
281,490.82483817123864,1144,-3.083333333333329,0.0,90000000000.0,0.0,0.0,2.0,2.0
282,491.92191929522374,1145,-3.138888888888887,0.0,90000000000.0,0.0,0.0,2.0,2.0
283,493.01900041920885,1146,3.0887408627351447,0.0,90000000000.0,0.0,0.0,2.0,2.0
284,494.11608154319396,1147,3.033185307179592,0.0,90000000000.0,0.0,0.0,2.0,2.0
285,495.21316266717906,1148,2.977629751624039,0.0,90000000000.0,0.0,0.0,2.0,2.0
286,496.31024379116417,1149,2.9220741960684813,0.0,90000000000.0,0.0,0.0,2.0,2.0
287,497.4073249151493,1150,2.866518640512918,0.0,90000000000.0,0.0,0.0,2.0,2.0
288,498.5044060391344,1151,2.810963084957372,0.0,90000000000.0,0.0,0.0,2.0,2.0
289,499.6014871631195,1152,2.755407529401813,0.0,90000000000.0,0.0,0.0,2.0,2.0
290,500.6985682871046,1153,2.699851973846265,0.0,90000000000.0,0.0,0.0,2.0,2.0
291,501.7956494110897,1154,2.6442964182906965,0.0,90000000000.0,0.0,0.0,2.0,2.0
292,502.8927305350748,1155,2.5887408627351487,0.0,90000000000.0,0.0,0.0,2.0,2.0
293,503.9898116590599,1156,2.5331853071795942,0.0,90000000000.0,0.0,0.0,2.0,2.0
294,505.086892783045,1157,2.4776297516240375,0.0,90000000000.0,0.0,0.0,2.0,2.0
295,506.1839739070301,1158,2.4220741960684746,0.0,90000000000.0,0.0,0.0,2.0,2.0
296,507.2810550310152,1159,2.366518640512933,0.0,90000000000.0,0.0,0.0,2.0,2.0
297,508.37813615500033,1160,2.310963084957372,0.0,90000000000.0,0.0,0.0,2.0,2.0
298,509.47521727898544,1161,2.255407529401811,0.0,90000000000.0,0.0,0.0,2.0,2.0
299,510.57229840297055,1162,2.1998519738462625,0.0,90000000000.0,0.0,0.0,2.0,2.0
300,511.66937952695565,1163,2.144296418290701,0.0,90000000000.0,0.0,0.0,2.0,2.0
301,512.7664606509408,1164,2.0887408627351483,0.0,90000000000.0,0.0,0.0,2.0,2.0
302,513.8635417749258,1165,2.0331853071795916,0.0,90000000000.0,0.0,0.0,2.0,2.0
303,514.9606228989109,1166,1.9776297516240438,0.0,90000000000.0,0.0,0.0,2.0,2.0
304,516.0577040228959,1167,1.9220741960684866,0.0,90000000000.0,0.0,0.0,2.0,2.0
305,517.154785146881,1168,1.8665186405129195,0.0,90000000000.0,0.0,0.0,2.0,2.0
306,518.251866270866,1169,1.8109630849573812,0.0,90000000000.0,0.0,0.0,2.0,2.0
307,519.348947394851,1170,1.7554075294018157,0.0,90000000000.0,0.0,0.0,2.0,2.0
308,520.4460285188361,1171,1.6998519738462559,0.0,90000000000.0,0.0,0.0,2.0,2.0
309,521.5431096428212,1172,1.6442964182907067,0.0,90000000000.0,0.0,0.0,2.0,2.0
310,522.6401907668062,1173,1.5887408627351434,0.0,90000000000.0,0.0,0.0,2.0,2.0
311,523.7372718907912,1174,1.5331853071796055,0.0,90000000000.0,0.0,0.0,2.0,2.0
312,524.8343530147763,1175,1.4776297516240315,0.0,90000000000.0,0.0,0.0,2.0,2.0
313,525.9314341387613,1176,1.4220741960684828,0.0,90000000000.0,0.0,0.0,2.0,2.0
314,527.0285152627464,1177,1.3665186405129364,0.0,90000000000.0,0.0,0.0,2.0,2.0
315,528.1255963867314,1178,1.310963084957369,0.0,90000000000.0,0.0,0.0,2.0,2.0
316,529.2226775107165,1179,1.2554075294018228,0.0,90000000000.0,0.0,0.0,2.0,2.0
317,530.3197586347015,1180,1.1998519738462659,0.0,90000000000.0,0.0,0.0,2.0,2.0
318,531.4168397586866,1181,1.144296418290708,0.0,90000000000.0,0.0,0.0,2.0,2.0
319,532.5139208826716,1182,1.08874086273515,0.0,90000000000.0,0.0,0.0,2.0,2.0
320,533.6110020066567,1183,1.0331853071795931,0.0,90000000000.0,0.0,0.0,2.0,2.0
321,534.7080831306417,1184,0.9776297516240435,0.0,90000000000.0,0.0,0.0,2.0,2.0
322,535.8051642546268,1185,0.9220741960684852,0.0,90000000000.0,0.0,0.0,2.0,2.0
323,536.9022453786118,1186,0.8665186405129387,0.0,90000000000.0,0.0,0.0,2.0,2.0
324,537.9993265025969,1187,0.8109630849573758,0.0,90000000000.0,0.0,0.0,2.0,2.0
325,539.0964076265819,1188,0.7554075294018197,0.0,90000000000.0,0.0,0.0,2.0,2.0
326,540.193488750567,1189,0.6998519738462678,0.0,90000000000.0,0.0,0.0,2.0,2.0
327,541.290569874552,1190,0.6442964182906998,0.0,90000000000.0,0.0,0.0,2.0,2.0
328,542.3876509985371,1191,0.5887408627351596,0.0,90000000000.0,0.0,0.0,2.0,2.0
329,543.4847321225221,1192,0.5331853071796047,0.0,90000000000.0,0.0,0.0,2.0,2.0
330,544.5818132465072,1193,0.4776297516240387,0.0,90000000000.0,0.0,0.0,2.0,2.0
331,545.6788943704922,1194,0.42207419606848845,0.0,90000000000.0,0.0,0.0,2.0,2.0
332,546.7759754944773,1195,0.36651864051292676,0.0,90000000000.0,0.0,0.0,2.0,2.0
333,547.8730566184623,1196,0.3109630849573836,0.0,90000000000.0,0.0,0.0,2.0,2.0
334,548.9701377424474,1197,0.2554075294018187,0.0,90000000000.0,0.0,0.0,2.0,2.0
335,550.0672188664324,1198,0.1998519738462707,0.0,90000000000.0,0.0,0.0,2.0,2.0
336,551.1642999904175,1199,0.1442964182907073,0.0,90000000000.0,0.0,0.0,2.0,2.0
337,552.2613811144025,1200,0.08874086273514879,0.0,90000000000.0,0.0,0.0,2.0,2.0
338,553.3584622383876,1201,0.03318530717960705,0.0,90000000000.0,0.0,0.0,2.0,2.0
339,556.8598026432431,1202,-1.5402895093432059,0.0,90000000000.0,0.0,0.0,2.0,2.0
340,557.7624643275346,1203,-0.0277777777777791,0.0,90000000000.0,0.0,0.0,2.0,2.0
341,558.6651260118261,1204,-0.0833333333333232,0.0,90000000000.0,0.0,0.0,2.0,2.0
342,559.5677876961176,1205,-0.13888888888889975,0.0,90000000000.0,0.0,0.0,2.0,2.0
343,560.4704493804091,1206,-0.1944444444444388,0.0,90000000000.0,0.0,0.0,2.0,2.0
344,561.3731110647007,1207,-0.24999999999999875,0.0,90000000000.0,0.0,0.0,2.0,2.0
345,562.2757727489922,1208,-0.3055555555555557,0.0,90000000000.0,0.0,0.0,2.0,2.0
346,563.1784344332837,1209,-0.36111111111111066,0.0,90000000000.0,0.0,0.0,2.0,2.0
347,564.0810961175752,1210,-0.4166666666666708,0.0,90000000000.0,0.0,0.0,2.0,2.0
348,564.9837578018667,1211,-0.4722222222222313,0.0,90000000000.0,0.0,0.0,2.0,2.0
349,565.8864194861582,1212,-0.5277777777777687,0.0,90000000000.0,0.0,0.0,2.0,2.0
350,566.7890811704497,1213,-0.5833333333333415,0.0,90000000000.0,0.0,0.0,2.0,2.0
351,567.6917428547412,1214,-0.6388888888888836,0.0,90000000000.0,0.0,0.0,2.0,2.0
352,568.5944045390327,1215,-0.6944444444444482,0.0,90000000000.0,0.0,0.0,2.0,2.0
353,569.4970662233242,1216,-0.7500000000000004,0.0,90000000000.0,0.0,0.0,2.0,2.0
354,570.3997279076157,1217,-0.8055555555555448,0.0,90000000000.0,0.0,0.0,2.0,2.0
355,571.3023895919072,1218,-0.86111111111112,0.0,90000000000.0,0.0,0.0,2.0,2.0
356,572.2050512761987,1219,-0.9166666666666677,0.0,90000000000.0,0.0,0.0,2.0,2.0
357,573.1077129604902,1220,-0.9722222222222214,0.0,90000000000.0,0.0,0.0,2.0,2.0
358,574.0103746447817,1221,-1.0277777777777766,0.0,90000000000.0,0.0,0.0,2.0,2.0
359,574.9130363290732,1222,-1.0833333333333335,0.0,90000000000.0,0.0,0.0,2.0,2.0
360,575.8156980133647,1223,-1.1388888888888902,0.0,90000000000.0,0.0,0.0,2.0,2.0
361,576.7183596976562,1224,-1.19444444444444,0.0,90000000000.0,0.0,0.0,2.0,2.0
362,577.6210213819477,1225,-1.2500000000000033,0.0,90000000000.0,0.0,0.0,2.0,2.0
363,578.5236830662392,1226,-1.3055555555555567,0.0,90000000000.0,0.0,0.0,2.0,2.0
364,579.4263447505307,1227,-1.3611111111111107,0.0,90000000000.0,0.0,0.0,2.0,2.0
365,580.3290064348222,1228,-1.416666666666666,0.0,90000000000.0,0.0,0.0,2.0,2.0
366,581.2316681191137,1229,-1.4722222222222225,0.0,90000000000.0,0.0,0.0,2.0,2.0
367,582.1343298034052,1230,-1.5277777777777795,0.0,90000000000.0,0.0,0.0,2.0,2.0
368,583.0369914876967,1231,-1.5833333333333337,0.0,90000000000.0,0.0,0.0,2.0,2.0
369,583.9396531719882,1232,-1.6388888888888893,0.0,90000000000.0,0.0,0.0,2.0,2.0
370,584.8423148562797,1233,-1.6944444444444458,0.0,90000000000.0,0.0,0.0,2.0,2.0
371,585.7449765405712,1234,-1.7499999999999984,0.0,90000000000.0,0.0,0.0,2.0,2.0
372,586.6476382248627,1235,-1.8055555555555602,0.0,90000000000.0,0.0,0.0,2.0,2.0
373,587.5502999091542,1236,-1.8611111111111083,0.0,90000000000.0,0.0,0.0,2.0,2.0
374,588.4529615934457,1237,-1.9166666666666698,0.0,90000000000.0,0.0,0.0,2.0,2.0
375,589.3556232777372,1238,-1.972222222222225,0.0,90000000000.0,0.0,0.0,2.0,2.0
376,590.2582849620287,1239,-2.0277777777777777,0.0,90000000000.0,0.0,0.0,2.0,2.0
377,591.1609466463202,1240,-2.083333333333328,0.0,90000000000.0,0.0,0.0,2.0,2.0
378,592.0636083306117,1241,-2.138888888888894,0.0,90000000000.0,0.0,0.0,2.0,2.0
379,592.9662700149032,1242,-2.1944444444444424,0.0,90000000000.0,0.0,0.0,2.0,2.0
380,593.8689316991947,1243,-2.249999999999995,0.0,90000000000.0,0.0,0.0,2.0,2.0
381,594.7715933834862,1244,-2.305555555555557,0.0,90000000000.0,0.0,0.0,2.0,2.0
382,595.6742550677777,1245,-2.3611111111111076,0.0,90000000000.0,0.0,0.0,2.0,2.0
383,596.5769167520692,1246,-2.416666666666667,0.0,90000000000.0,0.0,0.0,2.0,2.0
384,597.4795784363607,1247,-2.472222222222223,0.0,90000000000.0,0.0,0.0,2.0,2.0
385,598.3822401206522,1248,-2.5277777777777732,0.0,90000000000.0,0.0,0.0,2.0,2.0
386,599.2849018049437,1249,-2.5833333333333335,0.0,90000000000.0,0.0,0.0,2.0,2.0
387,600.1875634892352,1250,-2.6388888888888826,0.0,90000000000.0,0.0,0.0,2.0,2.0
388,601.0902251735267,1251,-2.6944444444444455,0.0,90000000000.0,0.0,0.0,2.0,2.0
389,601.9928868578182,1252,-2.7499999999999996,0.0,90000000000.0,0.0,0.0,2.0,2.0
390,602.8955485421097,1253,-2.8055555555555527,0.0,90000000000.0,0.0,0.0,2.0,2.0
391,603.7982102264012,1254,-2.8611111111111103,0.0,90000000000.0,0.0,0.0,2.0,2.0
392,604.7008719106927,1255,-2.916666666666666,0.0,90000000000.0,0.0,0.0,2.0,2.0
393,605.6035335949842,1256,-2.972222222222211,0.0,90000000000.0,0.0,0.0,2.0,2.0
394,606.5061952792757,1257,-3.027777777777781,0.0,90000000000.0,0.0,0.0,2.0,2.0
395,607.4088569635672,1258,-3.0833333333333304,0.0,90000000000.0,0.0,0.0,2.0,2.0
396,608.3115186478587,1259,-3.1388888888888813,0.0,90000000000.0,0.0,0.0,2.0,2.0
397,609.2141803321502,1260,3.0887408627351403,0.0,90000000000.0,0.0,0.0,2.0,2.0
398,610.1168420164418,1261,3.0331853071795916,0.0,90000000000.0,0.0,0.0,2.0,2.0
399,611.0195037007333,1262,2.977629751624043,0.0,90000000000.0,0.0,0.0,2.0,2.0
400,611.9221653850248,1263,2.9220741960684755,0.0,90000000000.0,0.0,0.0,2.0,2.0
401,612.8248270693163,1264,2.8665186405129255,0.0,90000000000.0,0.0,0.0,2.0,2.0
402,613.7274887536078,1265,2.8109630849573666,0.0,90000000000.0,0.0,0.0,2.0,2.0
403,614.6301504378993,1266,2.755407529401816,0.0,90000000000.0,0.0,0.0,2.0,2.0
404,615.5328121221908,1267,2.6998519738462554,0.0,90000000000.0,0.0,0.0,2.0,2.0
405,616.4354738064823,1268,2.644296418290706,0.0,90000000000.0,0.0,0.0,2.0,2.0
406,617.3381354907738,1269,2.5887408627351474,0.0,90000000000.0,0.0,0.0,2.0,2.0
407,618.2407971750653,1270,2.5331853071795933,0.0,90000000000.0,0.0,0.0,2.0,2.0
408,619.1434588593568,1271,2.4776297516240398,0.0,90000000000.0,0.0,0.0,2.0,2.0
409,620.0461205436483,1272,2.4220741960684835,0.0,90000000000.0,0.0,0.0,2.0,2.0
410,620.9487822279398,1273,2.366518640512922,0.0,90000000000.0,0.0,0.0,2.0,2.0
411,621.8514439122313,1274,2.310963084957364,0.0,90000000000.0,0.0,0.0,2.0,2.0
412,622.7541055965228,1275,2.2554075294018183,0.0,90000000000.0,0.0,0.0,2.0,2.0
413,623.6567672808143,1276,2.199851973846258,0.0,90000000000.0,0.0,0.0,2.0,2.0
414,624.5594289651058,1277,2.144296418290706,0.0,90000000000.0,0.0,0.0,2.0,2.0
415,625.4620906493973,1278,2.088740862735152,0.0,90000000000.0,0.0,0.0,2.0,2.0
416,626.3647523336888,1279,2.03318530717959,0.0,90000000000.0,0.0,0.0,2.0,2.0
417,627.2674140179803,1280,1.977629751624037,0.0,90000000000.0,0.0,0.0,2.0,2.0
418,628.1700757022718,1281,1.9220741960684853,0.0,90000000000.0,0.0,0.0,2.0,2.0
419,629.0727373865633,1282,1.8665186405129262,0.0,90000000000.0,0.0,0.0,2.0,2.0
420,629.9753990708548,1283,1.8109630849573772,0.0,90000000000.0,0.0,0.0,2.0,2.0
421,630.8780607551463,1284,1.7554075294018112,0.0,90000000000.0,0.0,0.0,2.0,2.0
422,631.7807224394378,1285,1.6998519738462619,0.0,90000000000.0,0.0,0.0,2.0,2.0
423,632.6833841237293,1286,1.6442964182907072,0.0,90000000000.0,0.0,0.0,2.0,2.0
424,633.5860458080208,1287,1.5887408627351511,0.0,90000000000.0,0.0,0.0,2.0,2.0
425,634.4887074923123,1288,1.533185307179594,0.0,90000000000.0,0.0,0.0,2.0,2.0
426,635.3913691766038,1289,1.4776297516240413,0.0,90000000000.0,0.0,0.0,2.0,2.0
427,636.2940308608953,1290,1.4220741960684846,0.0,90000000000.0,0.0,0.0,2.0,2.0
428,637.1966925451868,1291,1.3665186405129308,0.0,90000000000.0,0.0,0.0,2.0,2.0
429,638.0993542294783,1292,1.3109630849573712,0.0,90000000000.0,0.0,0.0,2.0,2.0
430,639.0020159137698,1293,1.2554075294018252,0.0,90000000000.0,0.0,0.0,2.0,2.0
431,639.9046775980613,1294,1.199851973846263,0.0,90000000000.0,0.0,0.0,2.0,2.0
432,640.8073392823528,1295,1.1442964182907014,0.0,90000000000.0,0.0,0.0,2.0,2.0
433,641.7100009666443,1296,1.088740862735152,0.0,90000000000.0,0.0,0.0,2.0,2.0
434,642.6126626509358,1297,1.0331853071795964,0.0,90000000000.0,0.0,0.0,2.0,2.0
435,643.5153243352273,1298,0.9776297516240462,0.0,90000000000.0,0.0,0.0,2.0,2.0
436,644.4179860195188,1299,0.9220741960684854,0.0,90000000000.0,0.0,0.0,2.0,2.0
437,645.3206477038103,1300,0.8665186405129284,0.0,90000000000.0,0.0,0.0,2.0,2.0
438,646.2233093881018,1301,0.8109630849573762,0.0,90000000000.0,0.0,0.0,2.0,2.0
439,647.1259710723933,1302,0.7554075294018245,0.0,90000000000.0,0.0,0.0,2.0,2.0
440,648.0286327566848,1303,0.6998519738462656,0.0,90000000000.0,0.0,0.0,2.0,2.0
441,648.9312944409763,1304,0.6442964182907035,0.0,90000000000.0,0.0,0.0,2.0,2.0
442,649.8339561252678,1305,0.5887408627351576,0.0,90000000000.0,0.0,0.0,2.0,2.0
443,650.7366178095593,1306,0.5331853071796053,0.0,90000000000.0,0.0,0.0,2.0,2.0
444,651.6392794938508,1307,0.4776297516240392,0.0,90000000000.0,0.0,0.0,2.0,2.0
445,652.5419411781423,1308,0.4220741960684828,0.0,90000000000.0,0.0,0.0,2.0,2.0
446,653.4446028624338,1309,0.3665186405129401,0.0,90000000000.0,0.0,0.0,2.0,2.0
447,654.3472645467253,1310,0.31096308495737573,0.0,90000000000.0,0.0,0.0,2.0,2.0
448,655.2499262310168,1311,0.2554075294018294,0.0,90000000000.0,0.0,0.0,2.0,2.0
449,656.1525879153083,1312,0.19985197384625675,0.0,90000000000.0,0.0,0.0,2.0,2.0
450,657.0552495995998,1313,0.1442964182907076,0.0,90000000000.0,0.0,0.0,2.0,2.0
451,657.9579112838913,1314,0.0887408627351645,0.0,90000000000.0,0.0,0.0,2.0,2.0
452,658.8605729681829,1315,0.033185307179594475,0.0,90000000000.0,0.0,0.0,2.0,2.0
453,744.7682349921154,1316,-1.476322761388113,0.0,90000000000.0,0.0,0.0,2.0,2.0
454,745.7682349921154,1317,1.5707963267948966,0.0,90000000000.0,0.0,0.0,2.0,2.0
455,746.7682349921154,1318,1.5707963267948966,0.0,90000000000.0,0.0,0.0,2.0,2.0
456,747.7682349921154,1319,1.5707963267948966,0.0,90000000000.0,0.0,0.0,2.0,2.0
457,748.7682349921154,1320,1.5707963267948966,0.0,90000000000.0,0.0,0.0,2.0,2.0
458,749.7682349921154,1321,1.5707963267948966,0.0,90000000000.0,0.0,0.0,2.0,2.0
459,750.7682349921154,1322,1.5707963267948966,0.0,90000000000.0,0.0,0.0,2.0,2.0
460,751.7682349921154,1323,1.5707963267948966,0.0,90000000000.0,0.0,0.0,2.0,2.0
461,752.7682349921154,1324,1.5707963267948966,0.0,90000000000.0,0.0,0.0,2.0,2.0
462,753.7682349921154,1325,1.5707963267948966,0.0,90000000000.0,0.0,0.0,2.0,2.0
463,754.7682349921154,1326,1.5707963267948966,0.0,90000000000.0,0.0,0.0,2.0,2.0
464,755.7682349921154,1327,1.5707963267948966,0.0,90000000000.0,0.0,0.0,2.0,2.0
465,756.7682349921154,1328,1.5707963267948966,0.0,90000000000.0,0.0,0.0,2.0,2.0
466,757.7682349921154,1329,1.5707963267948966,0.0,90000000000.0,0.0,0.0,2.0,2.0
467,758.7682349921154,1330,1.5707963267948966,0.0,90000000000.0,0.0,0.0,2.0,2.0
468,759.7682349921154,1331,1.5707963267948966,0.0,90000000000.0,0.0,0.0,2.0,2.0
469,760.7682349921154,1332,1.5707963267948966,0.0,90000000000.0,0.0,0.0,2.0,2.0
470,761.7682349921154,1333,1.5707963267948966,0.0,90000000000.0,0.0,0.0,2.0,2.0
471,762.7682349921154,1334,1.5707963267948966,0.0,90000000000.0,0.0,0.0,2.0,2.0
472,763.7682349921154,1335,1.5707963267948966,0.0,90000000000.0,0.0,0.0,2.0,2.0
473,764.7682349921154,1336,1.5707963267948966,0.0,90000000000.0,0.0,0.0,2.0,2.0
474,765.7682349921154,1337,1.5707963267948966,0.0,90000000000.0,0.0,0.0,2.0,2.0
475,766.7682349921154,1338,1.5707963267948966,0.0,90000000000.0,0.0,0.0,2.0,2.0
476,767.7682349921154,1339,1.5707963267948966,0.0,90000000000.0,0.0,0.0,2.0,2.0
477,768.7682349921154,1340,1.5707963267948966,0.0,90000000000.0,0.0,0.0,2.0,2.0
478,769.7682349921154,1341,1.5707963267948966,0.0,90000000000.0,0.0,0.0,2.0,2.0
479,770.7682349921154,1342,1.5707963267948966,0.0,90000000000.0,0.0,0.0,2.0,2.0
480,771.7682349921154,1343,1.5707963267948966,0.0,90000000000.0,0.0,0.0,2.0,2.0
481,772.7682349921154,1344,1.5707963267948966,0.0,90000000000.0,0.0,0.0,2.0,2.0
482,773.7682349921154,1345,1.5707963267948966,0.0,90000000000.0,0.0,0.0,2.0,2.0
483,774.7682349921154,1346,1.5707963267948966,0.0,90000000000.0,0.0,0.0,2.0,2.0
484,804.9717116131933,1347,-1.6869379536748867,0.0,90000000000.0,0.0,0.0,2.0,2.0
485,805.9717116131933,1348,1.5707963267948966,0.0,90000000000.0,0.0,0.0,2.0,2.0
486,806.9717116131933,1349,1.5707963267948966,0.0,90000000000.0,0.0,0.0,2.0,2.0
487,807.9717116131933,1350,1.5707963267948966,0.0,90000000000.0,0.0,0.0,2.0,2.0
488,808.9717116131933,1351,1.5707963267948966,0.0,90000000000.0,0.0,0.0,2.0,2.0
489,809.9717116131933,1352,1.5707963267948966,0.0,90000000000.0,0.0,0.0,2.0,2.0
490,810.9717116131933,1353,1.5707963267948966,0.0,90000000000.0,0.0,0.0,2.0,2.0
491,811.9717116131933,1354,1.5707963267948966,0.0,90000000000.0,0.0,0.0,2.0,2.0
492,812.9717116131933,1355,1.5707963267948966,0.0,90000000000.0,0.0,0.0,2.0,2.0
493,813.9717116131933,1356,1.5707963267948966,0.0,90000000000.0,0.0,0.0,2.0,2.0
494,814.9717116131933,1357,1.5707963267948966,0.0,90000000000.0,0.0,0.0,2.0,2.0
495,815.9717116131933,1358,1.5707963267948966,0.0,90000000000.0,0.0,0.0,2.0,2.0
496,816.9717116131933,1359,1.5707963267948966,0.0,90000000000.0,0.0,0.0,2.0,2.0
497,817.9717116131933,1360,1.5707963267948966,0.0,90000000000.0,0.0,0.0,2.0,2.0
498,818.9717116131933,1361,1.5707963267948966,0.0,90000000000.0,0.0,0.0,2.0,2.0
499,819.9717116131933,1362,1.5707963267948966,0.0,90000000000.0,0.0,0.0,2.0,2.0
500,820.9717116131933,1363,1.5707963267948966,0.0,90000000000.0,0.0,0.0,2.0,2.0
501,821.9717116131933,1364,1.5707963267948966,0.0,90000000000.0,0.0,0.0,2.0,2.0
502,822.9717116131933,1365,1.5707963267948966,0.0,90000000000.0,0.0,0.0,2.0,2.0
503,823.9717116131933,1366,1.5707963267948966,0.0,90000000000.0,0.0,0.0,2.0,2.0
504,824.9717116131933,1367,1.5707963267948966,0.0,90000000000.0,0.0,0.0,2.0,2.0
505,825.9717116131933,1368,1.5707963267948966,0.0,90000000000.0,0.0,0.0,2.0,2.0
506,826.9717116131933,1369,1.5707963267948966,0.0,90000000000.0,0.0,0.0,2.0,2.0
507,827.9717116131933,1370,1.5707963267948966,0.0,90000000000.0,0.0,0.0,2.0,2.0
508,828.9717116131933,1371,1.5707963267948966,0.0,90000000000.0,0.0,0.0,2.0,2.0
509,829.9717116131933,1372,1.5707963267948966,0.0,90000000000.0,0.0,0.0,2.0,2.0
510,830.9717116131933,1373,1.5707963267948966,0.0,90000000000.0,0.0,0.0,2.0,2.0
511,831.9717116131933,1374,1.5707963267948966,0.0,90000000000.0,0.0,0.0,2.0,2.0
512,832.9717116131933,1375,1.5707963267948966,0.0,90000000000.0,0.0,0.0,2.0,2.0
513,833.9717116131933,1376,1.5707963267948966,0.0,90000000000.0,0.0,0.0,2.0,2.0
514,834.9717116131933,1377,1.5707963267948966,0.0,90000000000.0,0.0,0.0,2.0,2.0
515,915.7213681848204,1378,1.5191905901652933,0.0,90000000000.0,0.0,0.0,2.0,2.0
516,916.7213681848204,1379,0.7531513664657475,0.0,90000000000.0,0.0,0.0,2.0,2.0
517,917.7213681848204,1380,0.7531513664657475,0.0,90000000000.0,0.0,0.0,2.0,2.0
518,918.7213681848204,1381,0.7531513664657475,0.0,90000000000.0,0.0,0.0,2.0,2.0
519,919.7213681848204,1382,0.7531513664657475,0.0,90000000000.0,0.0,0.0,2.0,2.0
520,920.7213681848204,1383,0.7531513664657475,0.0,90000000000.0,0.0,0.0,2.0,2.0
521,921.7213681848204,1384,0.7531513664657475,0.0,90000000000.0,0.0,0.0,2.0,2.0
522,922.7213681848204,1385,0.7531513664657451,0.0,90000000000.0,0.0,0.0,2.0,2.0
523,923.7213681848204,1386,0.7531513664657475,0.0,90000000000.0,0.0,0.0,2.0,2.0
524,924.7213681848204,1387,0.7531513664657475,0.0,90000000000.0,0.0,0.0,2.0,2.0
525,925.7213681848204,1388,0.7531513664657372,0.0,90000000000.0,0.0,0.0,2.0,2.0
526,926.7213681848204,1389,0.7531513664657451,0.0,90000000000.0,0.0,0.0,2.0,2.0
527,927.7213681848204,1390,0.7531513664657475,0.0,90000000000.0,0.0,0.0,2.0,2.0
528,928.7213681848204,1391,0.7531513664657475,0.0,90000000000.0,0.0,0.0,2.0,2.0
529,929.7213681848204,1392,0.7531513664657475,0.0,90000000000.0,0.0,0.0,2.0,2.0
530,930.7213681848204,1393,0.7531513664657475,0.0,90000000000.0,0.0,0.0,2.0,2.0
531,931.7213681848204,1394,0.7531513664657475,0.0,90000000000.0,0.0,0.0,2.0,2.0
532,932.7213681848204,1395,0.7531513664657475,0.0,90000000000.0,0.0,0.0,2.0,2.0
533,933.7213681848204,1396,0.7531513664657475,0.0,90000000000.0,0.0,0.0,2.0,2.0
534,934.7213681848204,1397,0.7531513664657475,0.0,90000000000.0,0.0,0.0,2.0,2.0
535,935.7213681848204,1398,0.7531513664657475,0.0,90000000000.0,0.0,0.0,2.0,2.0
536,936.7213681848204,1399,0.7531513664657475,0.0,90000000000.0,0.0,0.0,2.0,2.0
537,937.7213681848204,1400,0.7531513664657451,0.0,90000000000.0,0.0,0.0,2.0,2.0
538,938.7213681848204,1401,0.7531513664657475,0.0,90000000000.0,0.0,0.0,2.0,2.0
539,939.7213681848204,1402,0.7531513664657475,0.0,90000000000.0,0.0,0.0,2.0,2.0
540,940.7213681848204,1403,0.7531513664657475,0.0,90000000000.0,0.0,0.0,2.0,2.0
541,941.7213681848204,1404,0.7531513664657475,0.0,90000000000.0,0.0,0.0,2.0,2.0
542,942.7213681848204,1405,0.7531513664657475,0.0,90000000000.0,0.0,0.0,2.0,2.0
543,943.7213681848204,1406,0.7531513664657451,0.0,90000000000.0,0.0,0.0,2.0,2.0
544,944.7213681848204,1407,0.7531513664657475,0.0,90000000000.0,0.0,0.0,2.0,2.0
545,945.7213681848204,1408,0.7531513664657475,0.0,90000000000.0,0.0,0.0,2.0,2.0
546,975.9248448058984,1409,-2.5045829140040365,0.0,90000000000.0,0.0,0.0,2.0,2.0
547,976.9248448058984,1410,0.7531513664657475,0.0,90000000000.0,0.0,0.0,2.0,2.0
548,977.9248448058984,1411,0.7531513664657475,0.0,90000000000.0,0.0,0.0,2.0,2.0
549,978.9248448058984,1412,0.7531513664657475,0.0,90000000000.0,0.0,0.0,2.0,2.0
550,979.9248448058984,1413,0.7531513664657475,0.0,90000000000.0,0.0,0.0,2.0,2.0
551,980.9248448058984,1414,0.7531513664657475,0.0,90000000000.0,0.0,0.0,2.0,2.0
552,981.9248448058984,1415,0.7531513664657475,0.0,90000000000.0,0.0,0.0,2.0,2.0
553,982.9248448058984,1416,0.7531513664657475,0.0,90000000000.0,0.0,0.0,2.0,2.0
554,983.9248448058984,1417,0.7531513664657475,0.0,90000000000.0,0.0,0.0,2.0,2.0
555,984.9248448058984,1418,0.7531513664657475,0.0,90000000000.0,0.0,0.0,2.0,2.0
556,985.9248448058984,1419,0.7531513664657323,0.0,90000000000.0,0.0,0.0,2.0,2.0
557,986.9248448058984,1420,0.7531513664657475,0.0,90000000000.0,0.0,0.0,2.0,2.0
558,987.9248448058984,1421,0.7531513664657475,0.0,90000000000.0,0.0,0.0,2.0,2.0
559,988.9248448058984,1422,0.7531513664657475,0.0,90000000000.0,0.0,0.0,2.0,2.0
560,989.9248448058984,1423,0.7531513664657475,0.0,90000000000.0,0.0,0.0,2.0,2.0
561,990.9248448058984,1424,0.7531513664657475,0.0,90000000000.0,0.0,0.0,2.0,2.0
562,991.9248448058984,1425,0.7531513664657475,0.0,90000000000.0,0.0,0.0,2.0,2.0
563,992.9248448058984,1426,0.7531513664657475,0.0,90000000000.0,0.0,0.0,2.0,2.0
564,993.9248448058984,1427,0.7531513664657475,0.0,90000000000.0,0.0,0.0,2.0,2.0
565,994.9248448058984,1428,0.7531513664657475,0.0,90000000000.0,0.0,0.0,2.0,2.0
566,995.9248448058984,1429,0.7531513664657475,0.0,90000000000.0,0.0,0.0,2.0,2.0
567,996.9248448058984,1430,0.7531513664657475,0.0,90000000000.0,0.0,0.0,2.0,2.0
568,997.9248448058984,1431,0.7531513664657451,0.0,90000000000.0,0.0,0.0,2.0,2.0
569,998.9248448058984,1432,0.7531513664657475,0.0,90000000000.0,0.0,0.0,2.0,2.0
570,999.9248448058984,1433,0.7531513664657475,0.0,90000000000.0,0.0,0.0,2.0,2.0
571,1000.9248448058984,1434,0.7531513664657475,0.0,90000000000.0,0.0,0.0,2.0,2.0
572,1001.9248448058984,1435,0.7531513664657475,0.0,90000000000.0,0.0,0.0,2.0,2.0
573,1002.9248448058984,1436,0.7531513664657475,0.0,90000000000.0,0.0,0.0,2.0,2.0
574,1003.9248448058984,1437,0.7531513664657451,0.0,90000000000.0,0.0,0.0,2.0,2.0
575,1004.9248448058984,1438,0.7531513664657475,0.0,90000000000.0,0.0,0.0,2.0,2.0
576,1005.9248448058984,1439,0.7531513664657475,0.0,90000000000.0,0.0,0.0,2.0,2.0
