1,1,0,0,864,865,0,0,0,0,0,0,0,0,125.60741320402055,1,1,0,40,40,0,0
2,2,1,0,865,866,0,0,0,0,0,0,0,0,0.9997731494586931,1,1,0,40,40,0,0
3,3,2,0,866,867,0,0,0,0,0,0,0,0,0.9997731494586934,1,1,0,40,40,0,0
4,4,3,0,867,868,0,0,0,0,0,0,0,0,0.9997731494586931,1,1,0,40,40,0,0
5,5,4,0,868,869,0,0,0,0,0,0,0,0,0.9997731494586928,1,1,0,40,40,0,0
6,6,5,0,869,870,0,0,0,0,0,0,0,0,0.9997731494586937,1,1,0,40,40,0,0
7,7,6,0,870,871,0,0,0,0,0,0,0,0,0.9997731494586931,1,1,0,40,40,0,0
8,8,7,0,871,872,0,0,0,0,0,0,0,0,0.9997731494586917,1,1,0,40,40,0,0
9,9,8,0,872,873,0,0,0,0,0,0,0,0,0.9997731494586948,1,1,0,40,40,0,0
10,10,9,0,873,874,0,0,0,0,0,0,0,0,0.9997731494586941,1,1,0,40,40,0,0
11,11,10,0,874,875,0,0,0,0,0,0,0,0,0.9997731494586929,1,1,0,40,40,0,0
12,12,11,0,875,876,0,0,0,0,0,0,0,0,0.9997731494586912,1,1,0,40,40,0,0
13,13,12,0,876,877,0,0,0,0,0,0,0,0,0.999773149458694,1,1,0,40,40,0,0
14,14,13,0,877,878,0,0,0,0,0,0,0,0,0.9997731494586931,1,1,0,40,40,0,0
15,15,14,0,878,879,0,0,0,0,0,0,0,0,0.9997731494586922,1,1,0,40,40,0,0
16,16,15,0,879,880,0,0,0,0,0,0,0,0,0.9997731494586941,1,1,0,40,40,0,0
17,17,16,0,880,881,0,0,0,0,0,0,0,0,0.999773149458693,1,1,0,40,40,0,0
18,18,17,0,881,882,0,0,0,0,0,0,0,0,0.999773149458692,1,1,0,40,40,0,0
19,19,18,0,882,883,0,0,0,0,0,0,0,0,0.9997731494586932,1,1,0,40,40,0,0
20,20,19,0,883,884,0,0,0,0,0,0,0,0,0.9997731494586934,1,1,0,40,40,0,0
21,21,20,0,884,885,0,0,0,0,0,0,0,0,0.9997731494586936,1,1,0,40,40,0,0
22,22,21,0,885,886,0,0,0,0,0,0,0,0,0.9997731494586932,1,1,0,40,40,0,0
23,23,22,0,886,887,0,0,0,0,0,0,0,0,0.9997731494586936,1,1,0,40,40,0,0
24,24,23,0,887,888,0,0,0,0,0,0,0,0,0.9997731494586912,1,1,0,40,40,0,0
25,25,24,0,888,889,0,0,0,0,0,0,0,0,23.07985631762803,1,1,0,40,40,0,0
26,26,25,0,889,890,0,0,0,0,0,0,0,0,0.999856712128485,1,1,0,40,40,0,0
27,27,26,0,890,891,0,0,0,0,0,0,0,0,0.9998567121284888,1,1,0,40,40,0,0
28,28,27,0,891,892,0,0,0,0,0,0,0,0,0.9998567121284848,1,1,0,40,40,0,0
29,29,28,0,892,893,0,0,0,0,0,0,0,0,0.9998567121284855,1,1,0,40,40,0,0
30,30,29,0,893,894,0,0,0,0,0,0,0,0,0.9998567121284889,1,1,0,40,40,0,0
31,31,30,0,894,895,0,0,0,0,0,0,0,0,0.9998567121284851,1,1,0,40,40,0,0
32,32,31,0,895,896,0,0,0,0,0,0,0,0,0.9998567121284841,1,1,0,40,40,0,0
33,33,32,0,896,897,0,0,0,0,0,0,0,0,0.9998567121284857,1,1,0,40,40,0,0
34,34,33,0,897,898,0,0,0,0,0,0,0,0,0.9998567121284841,1,1,0,40,40,0,0
35,35,34,0,898,899,0,0,0,0,0,0,0,0,0.9998567121284904,1,1,0,40,40,0,0
36,36,35,0,899,900,0,0,0,0,0,0,0,0,0.9998567121284864,1,1,0,40,40,0,0
37,37,36,0,900,901,0,0,0,0,0,0,0,0,0.9998567121284869,1,1,0,40,40,0,0
38,38,37,0,901,902,0,0,0,0,0,0,0,0,0.9998567121284866,1,1,0,40,40,0,0
39,39,38,0,902,903,0,0,0,0,0,0,0,0,0.9998567121284864,1,1,0,40,40,0,0
40,40,39,0,903,904,0,0,0,0,0,0,0,0,0.999856712128487,1,1,0,40,40,0,0
41,41,40,0,904,905,0,0,0,0,0,0,0,0,0.9998567121284871,1,1,0,40,40,0,0
42,42,41,0,905,906,0,0,0,0,0,0,0,0,0.9998567121284858,1,1,0,40,40,0,0
43,43,42,0,906,907,0,0,0,0,0,0,0,0,0.9998567121284871,1,1,0,40,40,0,0
44,44,43,0,907,908,0,0,0,0,0,0,0,0,0.9998567121284848,1,1,0,40,40,0,0
45,45,44,0,908,909,0,0,0,0,0,0,0,0,0.9998567121284854,1,1,0,40,40,0,0
46,46,45,0,909,910,0,0,0,0,0,0,0,0,0.9998567121284869,1,1,0,40,40,0,0
47,47,46,0,910,911,0,0,0,0,0,0,0,0,0.9998567121284829,1,1,0,40,40,0,0
48,48,47,0,911,912,0,0,0,0,0,0,0,0,0.9998567121284854,1,1,0,40,40,0,0
49,49,48,0,912,913,0,0,0,0,0,0,0,0,0.9998567121284856,1,1,0,40,40,0,0
50,50,49,0,913,914,0,0,0,0,0,0,0,0,0.9998567121284854,1,1,0,40,40,0,0
51,51,50,0,914,915,0,0,0,0,0,0,0,0,0.9998567121284846,1,1,0,40,40,0,0
52,52,51,0,915,916,0,0,0,0,0,0,0,0,0.9998567121284853,1,1,0,40,40,0,0
53,53,52,0,916,917,0,0,0,0,0,0,0,0,0.9998567121284837,1,1,0,40,40,0,0
54,54,53,0,917,918,0,0,0,0,0,0,0,0,0.9998567121284876,1,1,0,40,40,0,0
55,55,54,0,918,919,0,0,0,0,0,0,0,0,18.625894049302516,1,1,0,40,40,0,0
56,56,55,0,919,920,0,0,0,0,0,0,0,0,0.9998939162001792,1,1,0,40,40,0,0
57,57,56,0,920,921,0,0,0,0,0,0,0,0,0.9998939162001792,1,1,0,40,40,0,0
58,58,57,0,921,922,0,0,0,0,0,0,0,0,0.999893916200175,1,1,0,40,40,0,0
59,59,58,0,922,923,0,0,0,0,0,0,0,0,0.9998939162001752,1,1,0,40,40,0,0
60,60,59,0,923,924,0,0,0,0,0,0,0,0,0.9998939162001848,1,1,0,40,40,0,0
61,61,60,0,924,925,0,0,0,0,0,0,0,0,0.9998939162001736,1,1,0,40,40,0,0
62,62,61,0,925,926,0,0,0,0,0,0,0,0,0.9998939162001758,1,1,0,40,40,0,0
63,63,62,0,926,927,0,0,0,0,0,0,0,0,0.9998939162001803,1,1,0,40,40,0,0
64,64,63,0,927,928,0,0,0,0,0,0,0,0,0.9998939162001748,1,1,0,40,40,0,0
65,65,64,0,928,929,0,0,0,0,0,0,0,0,0.9998939162001789,1,1,0,40,40,0,0
66,66,65,0,929,930,0,0,0,0,0,0,0,0,0.9998939162001805,1,1,0,40,40,0,0
67,67,66,0,930,931,0,0,0,0,0,0,0,0,0.9998939162001752,1,1,0,40,40,0,0
68,68,67,0,931,932,0,0,0,0,0,0,0,0,0.9998939162001761,1,1,0,40,40,0,0
69,69,68,0,932,933,0,0,0,0,0,0,0,0,0.9998939162001833,1,1,0,40,40,0,0
70,70,69,0,933,934,0,0,0,0,0,0,0,0,0.9998939162001796,1,1,0,40,40,0,0
71,71,70,0,934,935,0,0,0,0,0,0,0,0,0.9998939162001769,1,1,0,40,40,0,0
72,72,71,0,935,936,0,0,0,0,0,0,0,0,0.999893916200177,1,1,0,40,40,0,0
73,73,72,0,936,937,0,0,0,0,0,0,0,0,0.999893916200175,1,1,0,40,40,0,0
74,74,73,0,937,938,0,0,0,0,0,0,0,0,0.9998939162001841,1,1,0,40,40,0,0
75,75,74,0,938,939,0,0,0,0,0,0,0,0,0.9998939162001782,1,1,0,40,40,0,0
76,76,75,0,939,940,0,0,0,0,0,0,0,0,0.999893916200179,1,1,0,40,40,0,0
77,77,76,0,940,941,0,0,0,0,0,0,0,0,0.9998939162001762,1,1,0,40,40,0,0
78,78,77,0,941,942,0,0,0,0,0,0,0,0,0.9998939162001778,1,1,0,40,40,0,0
79,79,78,0,942,943,0,0,0,0,0,0,0,0,0.9998939162001794,1,1,0,40,40,0,0
80,80,79,0,943,944,0,0,0,0,0,0,0,0,0.9998939162001809,1,1,0,40,40,0,0
81,81,80,0,944,945,0,0,0,0,0,0,0,0,0.9998939162001779,1,1,0,40,40,0,0
82,82,81,0,945,946,0,0,0,0,0,0,0,0,0.9998939162001796,1,1,0,40,40,0,0
83,83,82,0,946,947,0,0,0,0,0,0,0,0,0.9998939162001768,1,1,0,40,40,0,0
84,84,83,0,947,948,0,0,0,0,0,0,0,0,0.9998939162001794,1,1,0,40,40,0,0
85,85,84,0,948,949,0,0,0,0,0,0,0,0,24.282717981187307,1,1,0,40,40,0,0
86,86,85,0,949,950,0,0,0,0,0,0,0,0,0.999843531485809,1,1,0,40,40,0,0
87,87,86,0,950,951,0,0,0,0,0,0,0,0,0.9998435314858098,1,1,0,40,40,0,0
88,88,87,0,951,952,0,0,0,0,0,0,0,0,0.9998435314858085,1,1,0,40,40,0,0
89,89,88,0,952,953,0,0,0,0,0,0,0,0,0.9998435314858108,1,1,0,40,40,0,0
90,90,89,0,953,954,0,0,0,0,0,0,0,0,0.9998435314858044,1,1,0,40,40,0,0
91,91,90,0,954,955,0,0,0,0,0,0,0,0,0.9998435314858074,1,1,0,40,40,0,0
92,92,91,0,955,956,0,0,0,0,0,0,0,0,0.9998435314858075,1,1,0,40,40,0,0
93,93,92,0,956,957,0,0,0,0,0,0,0,0,0.9998435314858111,1,1,0,40,40,0,0
94,94,93,0,957,958,0,0,0,0,0,0,0,0,0.9998435314858092,1,1,0,40,40,0,0
95,95,94,0,958,959,0,0,0,0,0,0,0,0,0.9998435314858051,1,1,0,40,40,0,0
96,96,95,0,959,960,0,0,0,0,0,0,0,0,0.9998435314858116,1,1,0,40,40,0,0
97,97,96,0,960,961,0,0,0,0,0,0,0,0,0.9998435314858106,1,1,0,40,40,0,0
98,98,97,0,961,962,0,0,0,0,0,0,0,0,0.9998435314858087,1,1,0,40,40,0,0
99,99,98,0,962,963,0,0,0,0,0,0,0,0,0.9998435314858081,1,1,0,40,40,0,0
100,100,99,0,963,964,0,0,0,0,0,0,0,0,0.9998435314858122,1,1,0,40,40,0,0
101,101,100,0,964,965,0,0,0,0,0,0,0,0,0.9998435314858057,1,1,0,40,40,0,0
102,102,101,0,965,966,0,0,0,0,0,0,0,0,0.9998435314858074,1,1,0,40,40,0,0
103,103,102,0,966,967,0,0,0,0,0,0,0,0,0.9998435314858088,1,1,0,40,40,0,0
104,104,103,0,967,968,0,0,0,0,0,0,0,0,0.9998435314858061,1,1,0,40,40,0,0
105,105,104,0,968,969,0,0,0,0,0,0,0,0,0.9998435314858051,1,1,0,40,40,0,0
106,106,105,0,969,970,0,0,0,0,0,0,0,0,0.9998435314858088,1,1,0,40,40,0,0
107,107,106,0,970,971,0,0,0,0,0,0,0,0,0.9998435314858088,1,1,0,40,40,0,0
108,108,107,0,971,972,0,0,0,0,0,0,0,0,0.9998435314858062,1,1,0,40,40,0,0
109,109,108,0,972,973,0,0,0,0,0,0,0,0,27.296080961930837,1,1,0,40,40,0,0
110,110,109,0,973,974,0,0,0,0,0,0,0,0,1.3281742509785344,1,1,0,40,40,0,0
111,111,110,0,974,975,0,0,0,0,0,0,0,0,1.3171202569153122,1,1,0,40,40,0,0
112,112,111,0,975,976,0,0,0,0,0,0,0,0,1.3061822393844191,1,1,0,40,40,0,0
113,113,112,0,976,977,0,0,0,0,0,0,0,0,1.2953277052140042,1,1,0,40,40,0,0
114,114,113,0,977,978,0,0,0,0,0,0,0,0,1.2845259891841376,1,1,0,40,40,0,0
115,115,114,0,978,979,0,0,0,0,0,0,0,0,1.2737483551810298,1,1,0,40,40,0,0
116,116,115,0,979,980,0,0,0,0,0,0,0,0,1.2629680958024239,1,1,0,40,40,0,0
117,117,116,0,980,981,0,0,0,0,0,0,0,0,1.2521606315940574,1,1,0,40,40,0,0
118,118,117,0,981,982,0,0,0,0,0,0,0,0,1.2413036111847384,1,1,0,40,40,0,0
119,119,118,0,982,983,0,0,0,0,0,0,0,0,1.2303770136687597,1,1,0,40,40,0,0
120,120,119,0,983,984,0,0,0,0,0,0,0,0,1.2193632546465805,1,1,0,40,40,0,0
121,121,120,0,984,985,0,0,0,0,0,0,0,0,1.20824729737791,1,1,0,40,40,0,0
122,122,121,0,985,986,0,0,0,0,0,0,0,0,1.1970167705283912,1,1,0,40,40,0,0
123,123,122,0,986,987,0,0,0,0,0,0,0,0,1.1856620939841374,1,1,0,40,40,0,0
124,124,123,0,987,988,0,0,0,0,0,0,0,0,1.174176614172945,1,1,0,40,40,0,0
125,125,124,0,988,989,0,0,0,0,0,0,0,0,1.1625567502480705,1,1,0,40,40,0,0
126,126,125,0,989,990,0,0,0,0,0,0,0,0,1.1508021523467113,1,1,0,40,40,0,0
127,127,126,0,990,991,0,0,0,0,0,0,0,0,1.1389158729188364,1,1,0,40,40,0,0
128,128,127,0,991,992,0,0,0,0,0,0,0,0,1.1269045518023537,1,1,0,40,40,0,0
129,129,128,0,992,993,0,0,0,0,0,0,0,0,1.1147786152711312,1,1,0,40,40,0,0
130,130,129,0,993,994,0,0,0,0,0,0,0,0,1.1025524886710194,1,1,0,40,40,0,0
131,131,130,0,994,995,0,0,0,0,0,0,0,0,1.0902448214383362,1,1,0,40,40,0,0
132,132,131,0,995,996,0,0,0,0,0,0,0,0,1.0778787222235338,1,1,0,40,40,0,0
133,133,132,0,996,997,0,0,0,0,0,0,0,0,1.0654820004639534,1,1,0,40,40,0,0
134,134,133,0,997,998,0,0,0,0,0,0,0,0,1.0530874090188203,1,1,0,40,40,0,0
135,135,134,0,998,999,0,0,0,0,0,0,0,0,1.040732880354686,1,1,0,40,40,0,0
136,136,135,0,999,1000,0,0,0,0,0,0,0,0,1.0284617462293912,1,1,0,40,40,0,0
137,137,136,0,1000,1001,0,0,0,0,0,0,0,0,1.0163229278976753,1,1,0,40,40,0,0
138,138,137,0,1001,1002,0,0,0,0,0,0,0,0,1.0043710806367636,1,1,0,40,40,0,0
139,139,138,0,1002,1003,0,0,0,0,0,0,0,0,0.9926666730751277,1,1,0,40,40,0,0
140,140,139,0,1003,1004,0,0,0,0,0,0,0,0,0.9812759787468155,1,1,0,40,40,0,0
141,141,140,0,1004,1005,0,0,0,0,0,0,0,0,0.9702709550490298,1,1,0,40,40,0,0
142,142,141,0,1005,1006,0,0,0,0,0,0,0,0,0.9597289841435404,1,1,0,40,40,0,0
143,143,142,0,1006,1007,0,0,0,0,0,0,0,0,0.9497324523646807,1,1,0,40,40,0,0
144,144,143,0,1007,1008,0,0,0,0,0,0,0,0,0.9403681506215826,1,1,0,40,40,0,0
145,145,144,0,1008,1009,0,0,0,0,0,0,0,0,0.9317264893811116,1,1,0,40,40,0,0
146,146,145,0,1009,1010,0,0,0,0,0,0,0,0,0.9239005390608974,1,1,0,40,40,0,0
147,147,146,0,1010,1011,0,0,0,0,0,0,0,0,0.9169849301611369,1,1,0,40,40,0,0
148,148,147,0,1011,1012,0,0,0,0,0,0,0,0,0.9110746757930261,1,1,0,40,40,0,0
149,149,148,0,1012,1013,0,0,0,0,0,0,0,0,0.906264008668679,1,1,0,40,40,0,0
150,150,149,0,1013,1014,0,0,0,0,0,0,0,0,0.9026453485988185,1,1,0,40,40,0,0
151,151,150,0,1014,1015,0,0,0,0,0,0,0,0,0.900308526129909,1,1,0,40,40,0,0
152,152,151,0,1015,1016,0,0,0,0,0,0,0,0,0.8993403733695761,1,1,0,40,40,0,0
153,153,152,0,1016,1017,0,0,0,0,0,0,0,0,0.899824746965157,1,1,0,40,40,0,0
154,154,153,0,1017,1018,0,0,0,0,0,0,0,0,0.9018429701439824,1,1,0,40,40,0,0
155,155,154,0,1018,1019,0,0,0,0,0,0,0,0,0.9054745811310263,1,1,0,40,40,0,0
156,156,155,0,1019,1020,0,0,0,0,0,0,0,0,0.9107981766484899,1,1,0,40,40,0,0
157,157,156,0,1020,1021,0,0,0,0,0,0,0,0,0.917892072145145,1,1,0,40,40,0,0
158,158,157,0,1021,1022,0,0,0,0,0,0,0,0,0.926834493797938,1,1,0,40,40,0,0
159,159,158,0,1022,1023,0,0,0,0,0,0,0,0,0.9377030858935772,1,1,0,40,40,0,0
160,160,159,0,1023,1024,0,0,0,0,0,0,0,0,0.9505736520184392,1,1,0,40,40,0,0
161,161,160,0,1024,1025,0,0,0,0,0,0,0,0,0.9655182165227881,1,1,0,40,40,0,0
162,162,161,0,1025,1026,0,0,0,0,0,0,0,0,0.9826026472719996,1,1,0,40,40,0,0
163,163,162,0,1026,1027,0,0,0,0,0,0,0,0,1.0018841786615442,1,1,0,40,40,0,0
164,164,163,0,1027,1028,0,0,0,0,0,0,0,0,1.023409191636953,1,1,0,40,40,0,0
165,165,164,0,1028,1029,0,0,0,0,0,0,0,0,1.0472115477852595,1,1,0,40,40,0,0
166,166,165,0,1029,1030,0,0,0,0,0,0,0,0,1.073311662250102,1,1,0,40,40,0,0
167,167,166,0,1030,1031,0,0,0,0,0,0,0,0,45.348519628702235,1,1,0,40,40,0,0
168,168,167,0,1031,1032,0,0,0,0,0,0,0,0,1.2319619647133135,1,1,0,40,40,0,0
169,169,168,0,1032,1033,0,0,0,0,0,0,0,0,1.2213758883448733,1,1,0,40,40,0,0
170,170,169,0,1033,1034,0,0,0,0,0,0,0,0,1.2108674849859011,1,1,0,40,40,0,0
171,171,170,0,1034,1035,0,0,0,0,0,0,0,0,1.2003959071621197,1,1,0,40,40,0,0
172,172,171,0,1035,1036,0,0,0,0,0,0,0,0,1.189922199564223,1,1,0,40,40,0,0
173,173,172,0,1036,1037,0,0,0,0,0,0,0,0,1.1794093843878746,1,1,0,40,40,0,0
174,174,173,0,1037,1038,0,0,0,0,0,0,0,0,1.168822537965814,1,1,0,40,40,0,0
175,175,174,0,1038,1039,0,0,0,0,0,0,0,0,1.1581288606550253,1,1,0,40,40,0,0
176,176,175,0,1039,1040,0,0,0,0,0,0,0,0,1.1472977420843042,1,1,0,40,40,0,0
177,177,176,0,1040,1041,0,0,0,0,0,0,0,0,1.1363008240027475,1,1,0,40,40,0,0
178,178,177,0,1041,1042,0,0,0,0,0,0,0,0,1.125112063094843,1,1,0,40,40,0,0
179,179,178,0,1042,1043,0,0,0,0,0,0,0,0,1.113707796260367,1,1,0,40,40,0,0
180,180,179,0,1043,1044,0,0,0,0,0,0,0,0,1.1020668110076317,1,1,0,40,40,0,0
181,181,180,0,1044,1045,0,0,0,0,0,0,0,0,1.0901704237796754,1,1,0,40,40,0,0
182,182,181,0,1045,1046,0,0,0,0,0,0,0,0,1.0780025692467485,1,1,0,40,40,0,0
183,183,182,0,1046,1047,0,0,0,0,0,0,0,0,1.065549903854605,1,1,0,40,40,0,0
184,184,183,0,1047,1048,0,0,0,0,0,0,0,0,1.0528019272313631,1,1,0,40,40,0,0
185,185,184,0,1048,1049,0,0,0,0,0,0,0,0,1.0397511254361969,1,1,0,40,40,0,0
186,186,185,0,1049,1050,0,0,0,0,0,0,0,0,1.026393140484882,1,1,0,40,40,0,0
187,187,186,0,1050,1051,0,0,0,0,0,0,0,0,1.012726971116485,1,1,0,40,40,0,0
188,188,187,0,1051,1052,0,0,0,0,0,0,0,0,0.9987552103730594,1,1,0,40,40,0,0
189,189,188,0,1052,1053,0,0,0,0,0,0,0,0,0.984484326239827,1,1,0,40,40,0,0
190,190,189,0,1053,1054,0,0,0,0,0,0,0,0,0.969924992317361,1,1,0,40,40,0,0
191,191,190,0,1054,1055,0,0,0,0,0,0,0,0,0.9550924762284341,1,1,0,40,40,0,0
192,192,191,0,1055,1056,0,0,0,0,0,0,0,0,0.9400070941297014,1,1,0,40,40,0,0
193,193,192,0,1056,1057,0,0,0,0,0,0,0,0,0.9246947401922936,1,1,0,40,40,0,0
194,194,193,0,1057,1058,0,0,0,0,0,0,0,0,0.909187500056057,1,1,0,40,40,0,0
195,195,194,0,1058,1059,0,0,0,0,0,0,0,0,0.8935243567972472,1,1,0,40,40,0,0
196,196,195,0,1059,1060,0,0,0,0,0,0,0,0,0.8777519965082681,1,1,0,40,40,0,0
197,197,196,0,1060,1061,0,0,0,0,0,0,0,0,0.8619257176635902,1,1,0,40,40,0,0
198,198,197,0,1061,1062,0,0,0,0,0,0,0,0,0.8461104433688234,1,1,0,40,40,0,0
199,199,198,0,1062,1063,0,0,0,0,0,0,0,0,0.8303818275189669,1,1,0,40,40,0,0
200,200,199,0,1063,1064,0,0,0,0,0,0,0,0,0.8148274338464094,1,1,0,40,40,0,0
201,201,200,0,1064,1065,0,0,0,0,0,0,0,0,0.7995479497907925,1,1,0,40,40,0,0
202,202,201,0,1065,1066,0,0,0,0,0,0,0,0,0.7846583742050088,1,1,0,40,40,0,0
203,203,202,0,1066,1067,0,0,0,0,0,0,0,0,0.7702890887786442,1,1,0,40,40,0,0
204,204,203,0,1067,1068,0,0,0,0,0,0,0,0,0.7565866884467085,1,1,0,40,40,0,0
205,205,204,0,1068,1069,0,0,0,0,0,0,0,0,0.7437144085065666,1,1,0,40,40,0,0
206,206,205,0,1069,1070,0,0,0,0,0,0,0,0,0.7318519508919695,1,1,0,40,40,0,0
207,207,206,0,1070,1071,0,0,0,0,0,0,0,0,0.721194487535001,1,1,0,40,40,0,0
208,208,207,0,1071,1072,0,0,0,0,0,0,0,0,0.7119506167612091,1,1,0,40,40,0,0
209,209,208,0,1072,1073,0,0,0,0,0,0,0,0,0.7043390829726106,1,1,0,40,40,0,0
210,210,209,0,1073,1074,0,0,0,0,0,0,0,0,0.6985841530650965,1,1,0,40,40,0,0
211,211,210,0,1074,1075,0,0,0,0,0,0,0,0,0.6949096813447824,1,1,0,40,40,0,0
212,212,211,0,1075,1076,0,0,0,0,0,0,0,0,0.6935320818216371,1,1,0,40,40,0,0
213,213,212,0,1076,1077,0,0,0,0,0,0,0,0,0.6946526388033184,1,1,0,40,40,0,0
214,214,213,0,1077,1078,0,0,0,0,0,0,0,0,0.698449781989696,1,1,0,40,40,0,0
215,215,214,0,1078,1079,0,0,0,0,0,0,0,0,0.7050720785633141,1,1,0,40,40,0,0
216,216,215,0,1079,1080,0,0,0,0,0,0,0,0,0.7146327044781094,1,1,0,40,40,0,0
217,217,216,0,1080,1081,0,0,0,0,0,0,0,0,0.7272060259202785,1,1,0,40,40,0,0
218,218,217,0,1081,1082,0,0,0,0,0,0,0,0,0.7428266626632671,1,1,0,40,40,0,0
219,219,218,0,1082,1083,0,0,0,0,0,0,0,0,0.7614910691914879,1,1,0,40,40,0,0
220,220,219,0,1083,1084,0,0,0,0,0,0,0,0,0.783161332568502,1,1,0,40,40,0,0
221,221,220,0,1084,1085,0,0,0,0,0,0,0,0,0.8077706228800415,1,1,0,40,40,0,0
222,222,221,0,1085,1086,0,0,0,0,0,0,0,0,0.8352295925038088,1,1,0,40,40,0,0
223,223,222,0,1086,1087,0,0,0,0,0,0,0,0,0.8654330162165094,1,1,0,40,40,0,0
224,224,223,0,1087,1088,0,0,0,0,0,0,0,0,0.8982660713832769,1,1,0,40,40,0,0
225,225,224,0,1088,1089,0,0,0,0,0,0,0,0,73.88787509679102,1,1,0,40,40,0,0
226,226,225,0,1089,1090,0,0,0,0,0,0,0,0,1.0970811239850928,1,1,0,40,40,0,0
227,227,226,0,1090,1091,0,0,0,0,0,0,0,0,1.0970811239850955,1,1,0,40,40,0,0
228,228,227,0,1091,1092,0,0,0,0,0,0,0,0,1.0970811239851028,1,1,0,40,40,0,0
229,229,228,0,1092,1093,0,0,0,0,0,0,0,0,1.0970811239850884,1,1,0,40,40,0,0
230,230,229,0,1093,1094,0,0,0,0,0,0,0,0,1.0970811239851008,1,1,0,40,40,0,0
231,231,230,0,1094,1095,0,0,0,0,0,0,0,0,1.097081123985096,1,1,0,40,40,0,0
232,232,231,0,1095,1096,0,0,0,0,0,0,0,0,1.0970811239850955,1,1,0,40,40,0,0
233,233,232,0,1096,1097,0,0,0,0,0,0,0,0,1.0970811239850982,1,1,0,40,40,0,0
234,234,233,0,1097,1098,0,0,0,0,0,0,0,0,1.0970811239850937,1,1,0,40,40,0,0
235,235,234,0,1098,1099,0,0,0,0,0,0,0,0,1.0970811239850986,1,1,0,40,40,0,0
236,236,235,0,1099,1100,0,0,0,0,0,0,0,0,1.0970811239850906,1,1,0,40,40,0,0
237,237,236,0,1100,1101,0,0,0,0,0,0,0,0,1.0970811239850942,1,1,0,40,40,0,0
238,238,237,0,1101,1102,0,0,0,0,0,0,0,0,1.0970811239851004,1,1,0,40,40,0,0
239,239,238,0,1102,1103,0,0,0,0,0,0,0,0,1.097081123985093,1,1,0,40,40,0,0
240,240,239,0,1103,1104,0,0,0,0,0,0,0,0,1.0970811239851008,1,1,0,40,40,0,0
241,241,240,0,1104,1105,0,0,0,0,0,0,0,0,1.0970811239850957,1,1,0,40,40,0,0
242,242,241,0,1105,1106,0,0,0,0,0,0,0,0,1.0970811239850922,1,1,0,40,40,0,0
243,243,242,0,1106,1107,0,0,0,0,0,0,0,0,1.0970811239851037,1,1,0,40,40,0,0
244,244,243,0,1107,1108,0,0,0,0,0,0,0,0,1.09708112398509,1,1,0,40,40,0,0
245,245,244,0,1108,1109,0,0,0,0,0,0,0,0,1.097081123985099,1,1,0,40,40,0,0
246,246,245,0,1109,1110,0,0,0,0,0,0,0,0,1.0970811239851013,1,1,0,40,40,0,0
247,247,246,0,1110,1111,0,0,0,0,0,0,0,0,1.0970811239850848,1,1,0,40,40,0,0
248,248,247,0,1111,1112,0,0,0,0,0,0,0,0,1.0970811239851002,1,1,0,40,40,0,0
249,249,248,0,1112,1113,0,0,0,0,0,0,0,0,1.0970811239850997,1,1,0,40,40,0,0
250,250,249,0,1113,1114,0,0,0,0,0,0,0,0,1.0970811239850944,1,1,0,40,40,0,0
251,251,250,0,1114,1115,0,0,0,0,0,0,0,0,1.097081123985099,1,1,0,40,40,0,0
252,252,251,0,1115,1116,0,0,0,0,0,0,0,0,1.0970811239850944,1,1,0,40,40,0,0
253,253,252,0,1116,1117,0,0,0,0,0,0,0,0,1.0970811239850942,1,1,0,40,40,0,0
254,254,253,0,1117,1118,0,0,0,0,0,0,0,0,1.097081123985097,1,1,0,40,40,0,0
255,255,254,0,1118,1119,0,0,0,0,0,0,0,0,1.0970811239850984,1,1,0,40,40,0,0
256,256,255,0,1119,1120,0,0,0,0,0,0,0,0,1.0970811239850937,1,1,0,40,40,0,0
257,257,256,0,1120,1121,0,0,0,0,0,0,0,0,1.0970811239850962,1,1,0,40,40,0,0
258,258,257,0,1121,1122,0,0,0,0,0,0,0,0,1.0970811239850955,1,1,0,40,40,0,0
259,259,258,0,1122,1123,0,0,0,0,0,0,0,0,1.0970811239850968,1,1,0,40,40,0,0
260,260,259,0,1123,1124,0,0,0,0,0,0,0,0,1.0970811239850937,1,1,0,40,40,0,0
261,261,260,0,1124,1125,0,0,0,0,0,0,0,0,1.0970811239850962,1,1,0,40,40,0,0
262,262,261,0,1125,1126,0,0,0,0,0,0,0,0,1.0970811239850904,1,1,0,40,40,0,0
263,263,262,0,1126,1127,0,0,0,0,0,0,0,0,1.0970811239850908,1,1,0,40,40,0,0
264,264,263,0,1127,1128,0,0,0,0,0,0,0,0,1.0970811239850895,1,1,0,40,40,0,0
265,265,264,0,1128,1129,0,0,0,0,0,0,0,0,1.0970811239850946,1,1,0,40,40,0,0
266,266,265,0,1129,1130,0,0,0,0,0,0,0,0,1.0970811239850922,1,1,0,40,40,0,0
267,267,266,0,1130,1131,0,0,0,0,0,0,0,0,1.0970811239850895,1,1,0,40,40,0,0
268,268,267,0,1131,1132,0,0,0,0,0,0,0,0,1.0970811239850957,1,1,0,40,40,0,0
269,269,268,0,1132,1133,0,0,0,0,0,0,0,0,1.097081123985089,1,1,0,40,40,0,0
270,270,269,0,1133,1134,0,0,0,0,0,0,0,0,1.0970811239850933,1,1,0,40,40,0,0
271,271,270,0,1134,1135,0,0,0,0,0,0,0,0,1.0970811239850966,1,1,0,40,40,0,0
272,272,271,0,1135,1136,0,0,0,0,0,0,0,0,1.0970811239850866,1,1,0,40,40,0,0
273,273,272,0,1136,1137,0,0,0,0,0,0,0,0,1.0970811239850922,1,1,0,40,40,0,0
274,274,273,0,1137,1138,0,0,0,0,0,0,0,0,1.097081123985094,1,1,0,40,40,0,0
275,275,274,0,1138,1139,0,0,0,0,0,0,0,0,1.097081123985091,1,1,0,40,40,0,0
276,276,275,0,1139,1140,0,0,0,0,0,0,0,0,1.0970811239850935,1,1,0,40,40,0,0
277,277,276,0,1140,1141,0,0,0,0,0,0,0,0,1.0970811239850902,1,1,0,40,40,0,0
278,278,277,0,1141,1142,0,0,0,0,0,0,0,0,1.0970811239850877,1,1,0,40,40,0,0
279,279,278,0,1142,1143,0,0,0,0,0,0,0,0,1.0970811239850968,1,1,0,40,40,0,0
280,280,279,0,1143,1144,0,0,0,0,0,0,0,0,1.0970811239850902,1,1,0,40,40,0,0
281,281,280,0,1144,1145,0,0,0,0,0,0,0,0,1.0970811239850893,1,1,0,40,40,0,0
282,282,281,0,1145,1146,0,0,0,0,0,0,0,0,1.0970811239850926,1,1,0,40,40,0,0
283,283,282,0,1146,1147,0,0,0,0,0,0,0,0,1.0970811239850935,1,1,0,40,40,0,0
284,284,283,0,1147,1148,0,0,0,0,0,0,0,0,1.0970811239850946,1,1,0,40,40,0,0
285,285,284,0,1148,1149,0,0,0,0,0,0,0,0,1.0970811239850866,1,1,0,40,40,0,0
286,286,285,0,1149,1150,0,0,0,0,0,0,0,0,1.0970811239850926,1,1,0,40,40,0,0
287,287,286,0,1150,1151,0,0,0,0,0,0,0,0,1.0970811239850933,1,1,0,40,40,0,0
288,288,287,0,1151,1152,0,0,0,0,0,0,0,0,1.0970811239850904,1,1,0,40,40,0,0
289,289,288,0,1152,1153,0,0,0,0,0,0,0,0,1.097081123985091,1,1,0,40,40,0,0
290,290,289,0,1153,1154,0,0,0,0,0,0,0,0,1.0970811239850922,1,1,0,40,40,0,0
291,291,290,0,1154,1155,0,0,0,0,0,0,0,0,1.0970811239850897,1,1,0,40,40,0,0
292,292,291,0,1155,1156,0,0,0,0,0,0,0,0,1.0970811239850913,1,1,0,40,40,0,0
293,293,292,0,1156,1157,0,0,0,0,0,0,0,0,1.097081123985091,1,1,0,40,40,0,0
294,294,293,0,1157,1158,0,0,0,0,0,0,0,0,1.097081123985097,1,1,0,40,40,0,0
295,295,294,0,1158,1159,0,0,0,0,0,0,0,0,1.0970811239850902,1,1,0,40,40,0,0
296,296,295,0,1159,1160,0,0,0,0,0,0,0,0,1.0970811239850913,1,1,0,40,40,0,0
297,297,296,0,1160,1161,0,0,0,0,0,0,0,0,1.097081123985092,1,1,0,40,40,0,0
298,298,297,0,1161,1162,0,0,0,0,0,0,0,0,1.0970811239851022,1,1,0,40,40,0,0
299,299,298,0,1162,1163,0,0,0,0,0,0,0,0,1.0970811239850895,1,1,0,40,40,0,0
300,300,299,0,1163,1164,0,0,0,0,0,0,0,0,1.0970811239850973,1,1,0,40,40,0,0
301,301,300,0,1164,1165,0,0,0,0,0,0,0,0,1.097081123985088,1,1,0,40,40,0,0
302,302,301,0,1165,1166,0,0,0,0,0,0,0,0,1.0970811239850877,1,1,0,40,40,0,0
303,303,302,0,1166,1167,0,0,0,0,0,0,0,0,1.097081123985097,1,1,0,40,40,0,0
304,304,303,0,1167,1168,0,0,0,0,0,0,0,0,1.0970811239850915,1,1,0,40,40,0,0
305,305,304,0,1168,1169,0,0,0,0,0,0,0,0,1.0970811239850946,1,1,0,40,40,0,0
306,306,305,0,1169,1170,0,0,0,0,0,0,0,0,1.0970811239850886,1,1,0,40,40,0,0
307,307,306,0,1170,1171,0,0,0,0,0,0,0,0,1.0970811239850957,1,1,0,40,40,0,0
308,308,307,0,1171,1172,0,0,0,0,0,0,0,0,1.0970811239850902,1,1,0,40,40,0,0
309,309,308,0,1172,1173,0,0,0,0,0,0,0,0,1.097081123985093,1,1,0,40,40,0,0
310,310,309,0,1173,1174,0,0,0,0,0,0,0,0,1.0970811239850908,1,1,0,40,40,0,0
311,311,310,0,1174,1175,0,0,0,0,0,0,0,0,1.0970811239850873,1,1,0,40,40,0,0
312,312,311,0,1175,1176,0,0,0,0,0,0,0,0,1.0970811239850933,1,1,0,40,40,0,0
313,313,312,0,1176,1177,0,0,0,0,0,0,0,0,1.0970811239850922,1,1,0,40,40,0,0
314,314,313,0,1177,1178,0,0,0,0,0,0,0,0,1.097081123985095,1,1,0,40,40,0,0
315,315,314,0,1178,1179,0,0,0,0,0,0,0,0,1.097081123985087,1,1,0,40,40,0,0
316,316,315,0,1179,1180,0,0,0,0,0,0,0,0,1.097081123985091,1,1,0,40,40,0,0
317,317,316,0,1180,1181,0,0,0,0,0,0,0,0,1.0970811239851,1,1,0,40,40,0,0
318,318,317,0,1181,1182,0,0,0,0,0,0,0,0,1.0970811239850893,1,1,0,40,40,0,0
319,319,318,0,1182,1183,0,0,0,0,0,0,0,0,1.097081123985086,1,1,0,40,40,0,0
320,320,319,0,1183,1184,0,0,0,0,0,0,0,0,1.09708112398509,1,1,0,40,40,0,0
321,321,320,0,1184,1185,0,0,0,0,0,0,0,0,1.0970811239850968,1,1,0,40,40,0,0
322,322,321,0,1185,1186,0,0,0,0,0,0,0,0,1.097081123985087,1,1,0,40,40,0,0
323,323,322,0,1186,1187,0,0,0,0,0,0,0,0,1.0970811239850928,1,1,0,40,40,0,0
324,324,323,0,1187,1188,0,0,0,0,0,0,0,0,1.0970811239850957,1,1,0,40,40,0,0
325,325,324,0,1188,1189,0,0,0,0,0,0,0,0,1.0970811239850946,1,1,0,40,40,0,0
326,326,325,0,1189,1190,0,0,0,0,0,0,0,0,1.0970811239850904,1,1,0,40,40,0,0
327,327,326,0,1190,1191,0,0,0,0,0,0,0,0,1.0970811239850886,1,1,0,40,40,0,0
328,328,327,0,1191,1192,0,0,0,0,0,0,0,0,1.0970811239850993,1,1,0,40,40,0,0
329,329,328,0,1192,1193,0,0,0,0,0,0,0,0,1.09708112398509,1,1,0,40,40,0,0
330,330,329,0,1193,1194,0,0,0,0,0,0,0,0,1.0970811239850915,1,1,0,40,40,0,0
331,331,330,0,1194,1195,0,0,0,0,0,0,0,0,1.097081123985091,1,1,0,40,40,0,0
332,332,331,0,1195,1196,0,0,0,0,0,0,0,0,1.0970811239850875,1,1,0,40,40,0,0
333,333,332,0,1196,1197,0,0,0,0,0,0,0,0,1.0970811239850977,1,1,0,40,40,0,0
334,334,333,0,1197,1198,0,0,0,0,0,0,0,0,1.0970811239850864,1,1,0,40,40,0,0
335,335,334,0,1198,1199,0,0,0,0,0,0,0,0,1.0970811239850922,1,1,0,40,40,0,0
336,336,335,0,1199,1200,0,0,0,0,0,0,0,0,1.0970811239850922,1,1,0,40,40,0,0
337,337,336,0,1200,1201,0,0,0,0,0,0,0,0,1.0970811239850968,1,1,0,40,40,0,0
338,338,337,0,1201,1202,0,0,0,0,0,0,0,0,1.0970811239850913,1,1,0,40,40,0,0
339,339,338,0,1202,1203,0,0,0,0,0,0,0,0,3.5013404048555623,1,1,0,40,40,0,0
340,340,339,0,1203,1204,0,0,0,0,0,0,0,0,0.9026616842915324,1,1,0,40,40,0,0
341,341,340,0,1204,1205,0,0,0,0,0,0,0,0,0.9026616842915385,1,1,0,40,40,0,0
342,342,341,0,1205,1206,0,0,0,0,0,0,0,0,0.9026616842915294,1,1,0,40,40,0,0
343,343,342,0,1206,1207,0,0,0,0,0,0,0,0,0.9026616842915344,1,1,0,40,40,0,0
344,344,343,0,1207,1208,0,0,0,0,0,0,0,0,0.9026616842915405,1,1,0,40,40,0,0
345,345,344,0,1208,1209,0,0,0,0,0,0,0,0,0.9026616842915294,1,1,0,40,40,0,0
346,346,345,0,1209,1210,0,0,0,0,0,0,0,0,0.9026616842915377,1,1,0,40,40,0,0
347,347,346,0,1210,1211,0,0,0,0,0,0,0,0,0.9026616842915374,1,1,0,40,40,0,0
348,348,347,0,1211,1212,0,0,0,0,0,0,0,0,0.9026616842915358,1,1,0,40,40,0,0
349,349,348,0,1212,1213,0,0,0,0,0,0,0,0,0.9026616842915279,1,1,0,40,40,0,0
350,350,349,0,1213,1214,0,0,0,0,0,0,0,0,0.9026616842915415,1,1,0,40,40,0,0
351,351,350,0,1214,1215,0,0,0,0,0,0,0,0,0.9026616842915329,1,1,0,40,40,0,0
352,352,351,0,1215,1216,0,0,0,0,0,0,0,0,0.902661684291537,1,1,0,40,40,0,0
353,353,352,0,1216,1217,0,0,0,0,0,0,0,0,0.9026616842915363,1,1,0,40,40,0,0
354,354,353,0,1217,1218,0,0,0,0,0,0,0,0,0.9026616842915245,1,1,0,40,40,0,0
355,355,354,0,1218,1219,0,0,0,0,0,0,0,0,0.9026616842915376,1,1,0,40,40,0,0
356,356,355,0,1219,1220,0,0,0,0,0,0,0,0,0.9026616842915388,1,1,0,40,40,0,0
357,357,356,0,1220,1221,0,0,0,0,0,0,0,0,0.9026616842915387,1,1,0,40,40,0,0
358,358,357,0,1221,1222,0,0,0,0,0,0,0,0,0.9026616842915336,1,1,0,40,40,0,0
359,359,358,0,1222,1223,0,0,0,0,0,0,0,0,0.902661684291528,1,1,0,40,40,0,0
360,360,359,0,1223,1224,0,0,0,0,0,0,0,0,0.9026616842915337,1,1,0,40,40,0,0
361,361,360,0,1224,1225,0,0,0,0,0,0,0,0,0.9026616842915343,1,1,0,40,40,0,0
362,362,361,0,1225,1226,0,0,0,0,0,0,0,0,0.9026616842915354,1,1,0,40,40,0,0
363,363,362,0,1226,1227,0,0,0,0,0,0,0,0,0.9026616842915347,1,1,0,40,40,0,0
364,364,363,0,1227,1228,0,0,0,0,0,0,0,0,0.9026616842915361,1,1,0,40,40,0,0
365,365,364,0,1228,1229,0,0,0,0,0,0,0,0,0.9026616842915324,1,1,0,40,40,0,0
366,366,365,0,1229,1230,0,0,0,0,0,0,0,0,0.9026616842915414,1,1,0,40,40,0,0
367,367,366,0,1230,1231,0,0,0,0,0,0,0,0,0.9026616842915343,1,1,0,40,40,0,0
368,368,367,0,1231,1232,0,0,0,0,0,0,0,0,0.902661684291534,1,1,0,40,40,0,0
369,369,368,0,1232,1233,0,0,0,0,0,0,0,0,0.9026616842915333,1,1,0,40,40,0,0
370,370,369,0,1233,1234,0,0,0,0,0,0,0,0,0.9026616842915349,1,1,0,40,40,0,0
371,371,370,0,1234,1235,0,0,0,0,0,0,0,0,0.9026616842915315,1,1,0,40,40,0,0
372,372,371,0,1235,1236,0,0,0,0,0,0,0,0,0.9026616842915377,1,1,0,40,40,0,0
373,373,372,0,1236,1237,0,0,0,0,0,0,0,0,0.902661684291536,1,1,0,40,40,0,0
374,374,373,0,1237,1238,0,0,0,0,0,0,0,0,0.9026616842915305,1,1,0,40,40,0,0
375,375,374,0,1238,1239,0,0,0,0,0,0,0,0,0.9026616842915323,1,1,0,40,40,0,0
376,376,375,0,1239,1240,0,0,0,0,0,0,0,0,0.9026616842915317,1,1,0,40,40,0,0
377,377,376,0,1240,1241,0,0,0,0,0,0,0,0,0.9026616842915328,1,1,0,40,40,0,0
378,378,377,0,1241,1242,0,0,0,0,0,0,0,0,0.9026616842915305,1,1,0,40,40,0,0
379,379,378,0,1242,1243,0,0,0,0,0,0,0,0,0.9026616842915302,1,1,0,40,40,0,0
380,380,379,0,1243,1244,0,0,0,0,0,0,0,0,0.902661684291529,1,1,0,40,40,0,0
381,381,380,0,1244,1245,0,0,0,0,0,0,0,0,0.9026616842915375,1,1,0,40,40,0,0
382,382,381,0,1245,1246,0,0,0,0,0,0,0,0,0.9026616842915273,1,1,0,40,40,0,0
383,383,382,0,1246,1247,0,0,0,0,0,0,0,0,0.9026616842915312,1,1,0,40,40,0,0
384,384,383,0,1247,1248,0,0,0,0,0,0,0,0,0.9026616842915351,1,1,0,40,40,0,0
385,385,384,0,1248,1249,0,0,0,0,0,0,0,0,0.9026616842915283,1,1,0,40,40,0,0
386,386,385,0,1249,1250,0,0,0,0,0,0,0,0,0.9026616842915286,1,1,0,40,40,0,0
387,387,386,0,1250,1251,0,0,0,0,0,0,0,0,0.9026616842915368,1,1,0,40,40,0,0
388,388,387,0,1251,1252,0,0,0,0,0,0,0,0,0.9026616842915303,1,1,0,40,40,0,0
389,389,388,0,1252,1253,0,0,0,0,0,0,0,0,0.9026616842915319,1,1,0,40,40,0,0
390,390,389,0,1253,1254,0,0,0,0,0,0,0,0,0.9026616842915338,1,1,0,40,40,0,0
391,391,390,0,1254,1255,0,0,0,0,0,0,0,0,0.9026616842915252,1,1,0,40,40,0,0
392,392,391,0,1255,1256,0,0,0,0,0,0,0,0,0.9026616842915322,1,1,0,40,40,0,0
393,393,392,0,1256,1257,0,0,0,0,0,0,0,0,0.9026616842915339,1,1,0,40,40,0,0
394,394,393,0,1257,1258,0,0,0,0,0,0,0,0,0.9026616842915323,1,1,0,40,40,0,0
395,395,394,0,1258,1259,0,0,0,0,0,0,0,0,0.9026616842915262,1,1,0,40,40,0,0
396,396,395,0,1259,1260,0,0,0,0,0,0,0,0,0.9026616842915307,1,1,0,40,40,0,0
397,397,396,0,1260,1261,0,0,0,0,0,0,0,0,0.9026616842915346,1,1,0,40,40,0,0
398,398,397,0,1261,1262,0,0,0,0,0,0,0,0,0.9026616842915312,1,1,0,40,40,0,0
399,399,398,0,1262,1263,0,0,0,0,0,0,0,0,0.90266168429153,1,1,0,40,40,0,0
400,400,399,0,1263,1264,0,0,0,0,0,0,0,0,0.9026616842915305,1,1,0,40,40,0,0
401,401,400,0,1264,1265,0,0,0,0,0,0,0,0,0.9026616842915328,1,1,0,40,40,0,0
402,402,401,0,1265,1266,0,0,0,0,0,0,0,0,0.9026616842915286,1,1,0,40,40,0,0
403,403,402,0,1266,1267,0,0,0,0,0,0,0,0,0.902661684291538,1,1,0,40,40,0,0
404,404,403,0,1267,1268,0,0,0,0,0,0,0,0,0.9026616842915277,1,1,0,40,40,0,0
405,405,404,0,1268,1269,0,0,0,0,0,0,0,0,0.9026616842915309,1,1,0,40,40,0,0
406,406,405,0,1269,1270,0,0,0,0,0,0,0,0,0.9026616842915335,1,1,0,40,40,0,0
407,407,406,0,1270,1271,0,0,0,0,0,0,0,0,0.9026616842915249,1,1,0,40,40,0,0
408,408,407,0,1271,1272,0,0,0,0,0,0,0,0,0.9026616842915374,1,1,0,40,40,0,0
409,409,408,0,1272,1273,0,0,0,0,0,0,0,0,0.902661684291531,1,1,0,40,40,0,0
410,410,409,0,1273,1274,0,0,0,0,0,0,0,0,0.9026616842915286,1,1,0,40,40,0,0
411,411,410,0,1274,1275,0,0,0,0,0,0,0,0,0.9026616842915338,1,1,0,40,40,0,0
412,412,411,0,1275,1276,0,0,0,0,0,0,0,0,0.9026616842915347,1,1,0,40,40,0,0
413,413,412,0,1276,1277,0,0,0,0,0,0,0,0,0.9026616842915332,1,1,0,40,40,0,0
414,414,413,0,1277,1278,0,0,0,0,0,0,0,0,0.9026616842915339,1,1,0,40,40,0,0
415,415,414,0,1278,1279,0,0,0,0,0,0,0,0,0.9026616842915274,1,1,0,40,40,0,0
416,416,415,0,1279,1280,0,0,0,0,0,0,0,0,0.9026616842915318,1,1,0,40,40,0,0
417,417,416,0,1280,1281,0,0,0,0,0,0,0,0,0.9026616842915317,1,1,0,40,40,0,0
418,418,417,0,1281,1282,0,0,0,0,0,0,0,0,0.9026616842915306,1,1,0,40,40,0,0
419,419,418,0,1282,1283,0,0,0,0,0,0,0,0,0.9026616842915323,1,1,0,40,40,0,0
420,420,419,0,1283,1284,0,0,0,0,0,0,0,0,0.9026616842915304,1,1,0,40,40,0,0
421,421,420,0,1284,1285,0,0,0,0,0,0,0,0,0.9026616842915314,1,1,0,40,40,0,0
422,422,421,0,1285,1286,0,0,0,0,0,0,0,0,0.9026616842915319,1,1,0,40,40,0,0
423,423,422,0,1286,1287,0,0,0,0,0,0,0,0,0.9026616842915273,1,1,0,40,40,0,0
424,424,423,0,1287,1288,0,0,0,0,0,0,0,0,0.9026616842915367,1,1,0,40,40,0,0
425,425,424,0,1288,1289,0,0,0,0,0,0,0,0,0.9026616842915267,1,1,0,40,40,0,0
426,426,425,0,1289,1290,0,0,0,0,0,0,0,0,0.9026616842915334,1,1,0,40,40,0,0
427,427,426,0,1290,1291,0,0,0,0,0,0,0,0,0.9026616842915296,1,1,0,40,40,0,0
428,428,427,0,1291,1292,0,0,0,0,0,0,0,0,0.9026616842915348,1,1,0,40,40,0,0
429,429,428,0,1292,1293,0,0,0,0,0,0,0,0,0.9026616842915286,1,1,0,40,40,0,0
430,430,429,0,1293,1294,0,0,0,0,0,0,0,0,0.9026616842915315,1,1,0,40,40,0,0
431,431,430,0,1294,1295,0,0,0,0,0,0,0,0,0.9026616842915345,1,1,0,40,40,0,0
432,432,431,0,1295,1296,0,0,0,0,0,0,0,0,0.9026616842915332,1,1,0,40,40,0,0
433,433,432,0,1296,1297,0,0,0,0,0,0,0,0,0.9026616842915214,1,1,0,40,40,0,0
434,434,433,0,1297,1298,0,0,0,0,0,0,0,0,0.9026616842915354,1,1,0,40,40,0,0
435,435,434,0,1298,1299,0,0,0,0,0,0,0,0,0.9026616842915338,1,1,0,40,40,0,0
436,436,435,0,1299,1300,0,0,0,0,0,0,0,0,0.9026616842915276,1,1,0,40,40,0,0
437,437,436,0,1300,1301,0,0,0,0,0,0,0,0,0.9026616842915343,1,1,0,40,40,0,0
438,438,437,0,1301,1302,0,0,0,0,0,0,0,0,0.902661684291535,1,1,0,40,40,0,0
439,439,438,0,1302,1303,0,0,0,0,0,0,0,0,0.9026616842915278,1,1,0,40,40,0,0
440,440,439,0,1303,1304,0,0,0,0,0,0,0,0,0.902661684291528,1,1,0,40,40,0,0
441,441,440,0,1304,1305,0,0,0,0,0,0,0,0,0.9026616842915323,1,1,0,40,40,0,0
442,442,441,0,1305,1306,0,0,0,0,0,0,0,0,0.9026616842915317,1,1,0,40,40,0,0
443,443,442,0,1306,1307,0,0,0,0,0,0,0,0,0.9026616842915314,1,1,0,40,40,0,0
444,444,443,0,1307,1308,0,0,0,0,0,0,0,0,0.9026616842915348,1,1,0,40,40,0,0
445,445,444,0,1308,1309,0,0,0,0,0,0,0,0,0.9026616842915236,1,1,0,40,40,0,0
446,446,445,0,1309,1310,0,0,0,0,0,0,0,0,0.9026616842915369,1,1,0,40,40,0,0
447,447,446,0,1310,1311,0,0,0,0,0,0,0,0,0.9026616842915277,1,1,0,40,40,0,0
448,448,447,0,1311,1312,0,0,0,0,0,0,0,0,0.9026616842915351,1,1,0,40,40,0,0
449,449,448,0,1312,1313,0,0,0,0,0,0,0,0,0.9026616842915277,1,1,0,40,40,0,0
450,450,449,0,1313,1314,0,0,0,0,0,0,0,0,0.9026616842915322,1,1,0,40,40,0,0
451,451,450,0,1314,1315,0,0,0,0,0,0,0,0,0.9026616842915303,1,1,0,40,40,0,0
452,452,451,0,1315,1316,0,0,0,0,0,0,0,0,0.9026616842915364,1,1,0,40,40,0,0
453,453,452,0,1316,1317,0,0,0,0,0,0,0,0,85.90766202393247,1,1,0,40,40,0,0
454,454,453,0,1317,1318,0,0,0,0,0,0,0,0,1.0,1,1,0,40,40,0,0
455,455,454,0,1318,1319,0,0,0,0,0,0,0,0,1.0,1,1,0,40,40,0,0
456,456,455,0,1319,1320,0,0,0,0,0,0,0,0,1.0,1,1,0,40,40,0,0
457,457,456,0,1320,1321,0,0,0,0,0,0,0,0,1.0,1,1,0,40,40,0,0
458,458,457,0,1321,1322,0,0,0,0,0,0,0,0,1.0,1,1,0,40,40,0,0
459,459,458,0,1322,1323,0,0,0,0,0,0,0,0,1.0,1,1,0,40,40,0,0
460,460,459,0,1323,1324,0,0,0,0,0,0,0,0,1.0,1,1,0,40,40,0,0
461,461,460,0,1324,1325,0,0,0,0,0,0,0,0,1.0,1,1,0,40,40,0,0
462,462,461,0,1325,1326,0,0,0,0,0,0,0,0,1.0,1,1,0,40,40,0,0
463,463,462,0,1326,1327,0,0,0,0,0,0,0,0,1.0,1,1,0,40,40,0,0
464,464,463,0,1327,1328,0,0,0,0,0,0,0,0,1.0,1,1,0,40,40,0,0
465,465,464,0,1328,1329,0,0,0,0,0,0,0,0,1.0,1,1,0,40,40,0,0
466,466,465,0,1329,1330,0,0,0,0,0,0,0,0,1.0,1,1,0,40,40,0,0
467,467,466,0,1330,1331,0,0,0,0,0,0,0,0,1.0,1,1,0,40,40,0,0
468,468,467,0,1331,1332,0,0,0,0,0,0,0,0,1.0,1,1,0,40,40,0,0
469,469,468,0,1332,1333,0,0,0,0,0,0,0,0,1.0,1,1,0,40,40,0,0
470,470,469,0,1333,1334,0,0,0,0,0,0,0,0,1.0,1,1,0,40,40,0,0
471,471,470,0,1334,1335,0,0,0,0,0,0,0,0,1.0,1,1,0,40,40,0,0
472,472,471,0,1335,1336,0,0,0,0,0,0,0,0,1.0,1,1,0,40,40,0,0
473,473,472,0,1336,1337,0,0,0,0,0,0,0,0,1.0,1,1,0,40,40,0,0
474,474,473,0,1337,1338,0,0,0,0,0,0,0,0,1.0,1,1,0,40,40,0,0
475,475,474,0,1338,1339,0,0,0,0,0,0,0,0,1.0,1,1,0,40,40,0,0
476,476,475,0,1339,1340,0,0,0,0,0,0,0,0,1.0,1,1,0,40,40,0,0
477,477,476,0,1340,1341,0,0,0,0,0,0,0,0,1.0,1,1,0,40,40,0,0
478,478,477,0,1341,1342,0,0,0,0,0,0,0,0,1.0,1,1,0,40,40,0,0
479,479,478,0,1342,1343,0,0,0,0,0,0,0,0,1.0,1,1,0,40,40,0,0
480,480,479,0,1343,1344,0,0,0,0,0,0,0,0,1.0,1,1,0,40,40,0,0
481,481,480,0,1344,1345,0,0,0,0,0,0,0,0,1.0,1,1,0,40,40,0,0
482,482,481,0,1345,1346,0,0,0,0,0,0,0,0,1.0,1,1,0,40,40,0,0
483,483,482,0,1346,1347,0,0,0,0,0,0,0,0,1.0,1,1,0,40,40,0,0
484,484,483,0,1347,1348,0,0,0,0,0,0,0,0,30.20347662107791,1,1,0,40,40,0,0
485,485,484,0,1348,1349,0,0,0,0,0,0,0,0,1.0,1,1,0,40,40,0,0
486,486,485,0,1349,1350,0,0,0,0,0,0,0,0,1.0,1,1,0,40,40,0,0
487,487,486,0,1350,1351,0,0,0,0,0,0,0,0,1.0,1,1,0,40,40,0,0
488,488,487,0,1351,1352,0,0,0,0,0,0,0,0,1.0,1,1,0,40,40,0,0
489,489,488,0,1352,1353,0,0,0,0,0,0,0,0,1.0,1,1,0,40,40,0,0
490,490,489,0,1353,1354,0,0,0,0,0,0,0,0,1.0,1,1,0,40,40,0,0
491,491,490,0,1354,1355,0,0,0,0,0,0,0,0,1.0,1,1,0,40,40,0,0
492,492,491,0,1355,1356,0,0,0,0,0,0,0,0,1.0,1,1,0,40,40,0,0
493,493,492,0,1356,1357,0,0,0,0,0,0,0,0,1.0,1,1,0,40,40,0,0
494,494,493,0,1357,1358,0,0,0,0,0,0,0,0,1.0,1,1,0,40,40,0,0
495,495,494,0,1358,1359,0,0,0,0,0,0,0,0,1.0,1,1,0,40,40,0,0
496,496,495,0,1359,1360,0,0,0,0,0,0,0,0,1.0,1,1,0,40,40,0,0
497,497,496,0,1360,1361,0,0,0,0,0,0,0,0,1.0,1,1,0,40,40,0,0
498,498,497,0,1361,1362,0,0,0,0,0,0,0,0,1.0,1,1,0,40,40,0,0
499,499,498,0,1362,1363,0,0,0,0,0,0,0,0,1.0,1,1,0,40,40,0,0
500,500,499,0,1363,1364,0,0,0,0,0,0,0,0,1.0,1,1,0,40,40,0,0
501,501,500,0,1364,1365,0,0,0,0,0,0,0,0,1.0,1,1,0,40,40,0,0
502,502,501,0,1365,1366,0,0,0,0,0,0,0,0,1.0,1,1,0,40,40,0,0
503,503,502,0,1366,1367,0,0,0,0,0,0,0,0,1.0,1,1,0,40,40,0,0
504,504,503,0,1367,1368,0,0,0,0,0,0,0,0,1.0,1,1,0,40,40,0,0
505,505,504,0,1368,1369,0,0,0,0,0,0,0,0,1.0,1,1,0,40,40,0,0
506,506,505,0,1369,1370,0,0,0,0,0,0,0,0,1.0,1,1,0,40,40,0,0
507,507,506,0,1370,1371,0,0,0,0,0,0,0,0,1.0,1,1,0,40,40,0,0
508,508,507,0,1371,1372,0,0,0,0,0,0,0,0,1.0,1,1,0,40,40,0,0
509,509,508,0,1372,1373,0,0,0,0,0,0,0,0,1.0,1,1,0,40,40,0,0
510,510,509,0,1373,1374,0,0,0,0,0,0,0,0,1.0,1,1,0,40,40,0,0
511,511,510,0,1374,1375,0,0,0,0,0,0,0,0,1.0,1,1,0,40,40,0,0
512,512,511,0,1375,1376,0,0,0,0,0,0,0,0,1.0,1,1,0,40,40,0,0
513,513,512,0,1376,1377,0,0,0,0,0,0,0,0,1.0,1,1,0,40,40,0,0
514,514,513,0,1377,1378,0,0,0,0,0,0,0,0,1.0,1,1,0,40,40,0,0
515,515,514,0,1378,1379,0,0,0,0,0,0,0,0,80.7496565716272,1,1,0,40,40,0,0
516,516,515,0,1379,1380,0,0,0,0,0,0,0,0,1.0,1,1,0,40,40,0,0
517,517,516,0,1380,1381,0,0,0,0,0,0,0,0,1.0,1,1,0,40,40,0,0
518,518,517,0,1381,1382,0,0,0,0,0,0,0,0,1.0,1,1,0,40,40,0,0
519,519,518,0,1382,1383,0,0,0,0,0,0,0,0,1.0,1,1,0,40,40,0,0
520,520,519,0,1383,1384,0,0,0,0,0,0,0,0,1.0,1,1,0,40,40,0,0
521,521,520,0,1384,1385,0,0,0,0,0,0,0,0,1.0,1,1,0,40,40,0,0
522,522,521,0,1385,1386,0,0,0,0,0,0,0,0,1.0000000000000027,1,1,0,40,40,0,0
523,523,522,0,1386,1387,0,0,0,0,0,0,0,0,1.0,1,1,0,40,40,0,0
524,524,523,0,1387,1388,0,0,0,0,0,0,0,0,1.0,1,1,0,40,40,0,0
525,525,524,0,1388,1389,0,0,0,0,0,0,0,0,0.9999999999999903,1,1,0,40,40,0,0
526,526,525,0,1389,1390,0,0,0,0,0,0,0,0,1.0000000000000027,1,1,0,40,40,0,0
527,527,526,0,1390,1391,0,0,0,0,0,0,0,0,1.0,1,1,0,40,40,0,0
528,528,527,0,1391,1392,0,0,0,0,0,0,0,0,1.0,1,1,0,40,40,0,0
529,529,528,0,1392,1393,0,0,0,0,0,0,0,0,1.0,1,1,0,40,40,0,0
530,530,529,0,1393,1394,0,0,0,0,0,0,0,0,1.0,1,1,0,40,40,0,0
531,531,530,0,1394,1395,0,0,0,0,0,0,0,0,1.0,1,1,0,40,40,0,0
532,532,531,0,1395,1396,0,0,0,0,0,0,0,0,1.0,1,1,0,40,40,0,0
533,533,532,0,1396,1397,0,0,0,0,0,0,0,0,1.0,1,1,0,40,40,0,0
534,534,533,0,1397,1398,0,0,0,0,0,0,0,0,1.0,1,1,0,40,40,0,0
535,535,534,0,1398,1399,0,0,0,0,0,0,0,0,1.0,1,1,0,40,40,0,0
536,536,535,0,1399,1400,0,0,0,0,0,0,0,0,1.0,1,1,0,40,40,0,0
537,537,536,0,1400,1401,0,0,0,0,0,0,0,0,1.0000000000000027,1,1,0,40,40,0,0
538,538,537,0,1401,1402,0,0,0,0,0,0,0,0,1.0,1,1,0,40,40,0,0
539,539,538,0,1402,1403,0,0,0,0,0,0,0,0,1.0,1,1,0,40,40,0,0
540,540,539,0,1403,1404,0,0,0,0,0,0,0,0,1.0,1,1,0,40,40,0,0
541,541,540,0,1404,1405,0,0,0,0,0,0,0,0,1.0,1,1,0,40,40,0,0
542,542,541,0,1405,1406,0,0,0,0,0,0,0,0,1.0,1,1,0,40,40,0,0
543,543,542,0,1406,1407,0,0,0,0,0,0,0,0,1.0000000000000027,1,1,0,40,40,0,0
544,544,543,0,1407,1408,0,0,0,0,0,0,0,0,1.0,1,1,0,40,40,0,0
545,545,544,0,1408,1409,0,0,0,0,0,0,0,0,1.0,1,1,0,40,40,0,0
546,546,545,0,1409,1410,0,0,0,0,0,0,0,0,30.203476621077918,1,1,0,40,40,0,0
547,547,546,0,1410,1411,0,0,0,0,0,0,0,0,1.0,1,1,0,40,40,0,0
548,548,547,0,1411,1412,0,0,0,0,0,0,0,0,1.0,1,1,0,40,40,0,0
549,549,548,0,1412,1413,0,0,0,0,0,0,0,0,1.0,1,1,0,40,40,0,0
550,550,549,0,1413,1414,0,0,0,0,0,0,0,0,1.0,1,1,0,40,40,0,0
551,551,550,0,1414,1415,0,0,0,0,0,0,0,0,1.0,1,1,0,40,40,0,0
552,552,551,0,1415,1416,0,0,0,0,0,0,0,0,1.0,1,1,0,40,40,0,0
553,553,552,0,1416,1417,0,0,0,0,0,0,0,0,1.0,1,1,0,40,40,0,0
554,554,553,0,1417,1418,0,0,0,0,0,0,0,0,1.0,1,1,0,40,40,0,0
555,555,554,0,1418,1419,0,0,0,0,0,0,0,0,1.0,1,1,0,40,40,0,0
556,556,555,0,1419,1420,0,0,0,0,0,0,0,0,0.9999999999999956,1,1,0,40,40,0,0
557,557,556,0,1420,1421,0,0,0,0,0,0,0,0,1.0,1,1,0,40,40,0,0
558,558,557,0,1421,1422,0,0,0,0,0,0,0,0,1.0,1,1,0,40,40,0,0
559,559,558,0,1422,1423,0,0,0,0,0,0,0,0,1.0,1,1,0,40,40,0,0
560,560,559,0,1423,1424,0,0,0,0,0,0,0,0,1.0,1,1,0,40,40,0,0
561,561,560,0,1424,1425,0,0,0,0,0,0,0,0,1.0,1,1,0,40,40,0,0
562,562,561,0,1425,1426,0,0,0,0,0,0,0,0,1.0,1,1,0,40,40,0,0
563,563,562,0,1426,1427,0,0,0,0,0,0,0,0,1.0,1,1,0,40,40,0,0
564,564,563,0,1427,1428,0,0,0,0,0,0,0,0,1.0,1,1,0,40,40,0,0
565,565,564,0,1428,1429,0,0,0,0,0,0,0,0,1.0,1,1,0,40,40,0,0
566,566,565,0,1429,1430,0,0,0,0,0,0,0,0,1.0,1,1,0,40,40,0,0
567,567,566,0,1430,1431,0,0,0,0,0,0,0,0,1.0,1,1,0,40,40,0,0
568,568,567,0,1431,1432,0,0,0,0,0,0,0,0,1.0000000000000027,1,1,0,40,40,0,0
569,569,568,0,1432,1433,0,0,0,0,0,0,0,0,1.0,1,1,0,40,40,0,0
570,570,569,0,1433,1434,0,0,0,0,0,0,0,0,1.0,1,1,0,40,40,0,0
571,571,570,0,1434,1435,0,0,0,0,0,0,0,0,1.0,1,1,0,40,40,0,0
572,572,571,0,1435,1436,0,0,0,0,0,0,0,0,1.0,1,1,0,40,40,0,0
573,573,572,0,1436,1437,0,0,0,0,0,0,0,0,1.0,1,1,0,40,40,0,0
574,574,573,0,1437,1438,0,0,0,0,0,0,0,0,1.0000000000000027,1,1,0,40,40,0,0
575,575,574,0,1438,1439,0,0,0,0,0,0,0,0,1.0,1,1,0,40,40,0,0
576,576,575,0,1439,1440,0,0,0,0,0,0,0,0,1.0,1,1,0,40,40,0,0
