1,0.0,0.0,0.0,0.0,0.0,7,0,0,0
2,0.0,0.0,0.0,0.9992883794775955,0.032663420713367586,7,0,0,0
3,0.0,0.0,0.0,1.9943106816313076,0.1305142389438938,7,0,0,0
4,0.0,0.0,0.0,2.980819041513288,0.29313471826498905,7,0,0,0
5,0.0,0.0,0.0,3.954601941177021,0.5198306130980228,7,0,0,0
6,0.0,0.0,0.0,4.911502189133087,0.8096341325267531,7,0,0,0
7,0.0,0.0,0.0,5.84743466787901,1.161308071908346,7,0,0,0
8,0.0,0.0,0.0,6.7584037737369504,1.573351094642673,7,0,0,0
9,0.0,0.0,0.0,7.6405204745465545,2.044004141551369,7,0,0,0
10,0.0,0.0,0.0,8.490018912391697,2.5712579405043154,7,0,0,0
11,0.0,0.0,0.0,9.303272480482198,3.1528615842340706,7,0,0,0
12,0.0,0.0,0.0,10.076809305556395,3.786332139718528,7,0,0,0
13,0.0,0.0,0.0,10.807327069708458,4.468965248108336,7,0,0,0
14,0.0,0.0,0.0,11.491707108364325,5.197846669946651,7,0,0,0
15,0.0,0.0,0.0,12.127027724220415,5.969864726393453,7,0,0,0
16,0.0,0.0,0.0,12.710576660306302,6.781723583341314,7,0,0,0
17,0.0,0.0,0.0,13.2398626789225,7.629957321711268,7,0,0,0
18,0.0,0.0,0.0,13.712626197021475,8.510944733861031,7,0,0,0
19,0.0,0.0,0.0,14.126848932628231,9.420924782937995,7,0,0,0
20,0.0,0.0,0.0,14.480762521118804,10.356012659179251,7,0,0,0
21,0.0,0.0,0.0,14.772856064572752,11.312216364612448,7,0,0,0
22,0.0,0.0,0.0,15.001882581970605,12.28545375535546,7,0,0,0
23,0.0,0.0,0.0,15.166864332699644,13.271569968759357,7,0,0,0
24,0.0,0.0,0.0,15.267096990641306,14.266355160996156,7,0,0,0
25,0.0,0.0,0.0,15.302152651020617,15.265562479367588,7,0,0,0
26,0.0,0.0,0.0,15.271881657181007,16.26492619260898,7,0,0,0
27,0.0,0.0,0.0,15.176413239485846,17.260179901787918,7,0,0,0
28,0.0,0.0,0.0,28.859237670898438,1.4738693237304688,7,0,0,0
29,0.0,0.0,0.0,29.85872721850319,1.446203369913981,7,0,0,0
30,0.0,0.0,0.0,30.85515592767086,1.3632902327270635,7,0,0,0
31,0.0,0.0,0.0,31.84547233348104,1.225383825497616,7,0,0,0
32,0.0,0.0,0.0,32.826643689341196,1.0329064730343234,7,0,0,0
33,0.0,0.0,0.0,33.79566525447481,0.786447618298439,7,0,0,0
34,0.0,0.0,0.0,34.74956949564452,0.4867620172927154,7,0,0,0
35,0.0,0.0,0.0,35.685435174930774,0.1347674276953441,7,0,0,0
36,0.0,0.0,0.0,36.60039629573562,-0.26845820168263046,7,0,0,0
37,0.0,0.0,0.0,37.49165087961546,-0.7216800320095498,7,0,0,0
38,0.0,0.0,0.0,38.35646954706445,-1.223510116005622,7,0,0,0
39,0.0,0.0,0.0,39.19220387597071,-1.7724116483949235,7,0,0,0
40,0.0,0.0,0.0,39.99629451214868,-2.3667036722204458,7,0,0,0
41,0.0,0.0,0.0,40.76627900710952,-3.0045662266094233,7,0,0,0
42,0.0,0.0,0.0,41.499799359067424,-3.6840459202245217,7,0,0,0
43,0.0,0.0,0.0,42.19460923408822,-4.403061913332682,7,0,0,0
44,0.0,0.0,0.0,42.84858084526605,-5.159412290172147,7,0,0,0
45,0.0,0.0,0.0,43.45971146886153,-5.950780802102921,7,0,0,0
46,0.0,0.0,0.0,44.02612957744622,-6.774743960890417,7,0,0,0
47,0.0,0.0,0.0,44.54610057127132,-7.6287784603998166,7,0,0,0
48,0.0,0.0,0.0,45.01803209030876,-8.510268903972941,7,0,0,0
49,0.0,0.0,0.0,45.440478890697214,-9.416515813823278,7,0,0,0
50,0.0,0.0,0.0,45.81214727065926,-10.34474389792121,7,0,0,0
51,0.0,0.0,0.0,46.13189903233584,-11.29211054905289,7,0,0,0
52,0.0,0.0,0.0,46.39875496740525,-12.25571455002526,7,0,0,0
53,0.0,0.0,0.0,46.61189785581235,-13.23260495835836,7,0,0,0
54,0.0,0.0,0.0,46.770674968424544,-14.219790143256445,7,0,0,0
55,0.0,0.0,0.0,71.85199737548828,-7.512321472167969,7,0,0,0
56,0.0,0.0,0.0,73.13194470561683,-7.494737592593367,7,0,0,0
57,0.0,0.0,0.0,74.40011780169023,-7.442510508904454,7,0,0,0
58,0.0,0.0,0.0,75.65569514597055,-7.356427053653558,7,0,0,0
59,0.0,0.0,0.0,76.89785522071995,-7.237274059393014,7,0,0,0
60,0.0,0.0,0.0,78.12577650820045,-7.085838358675156,7,0,0,0
61,0.0,0.0,0.0,79.33863749067423,-6.902906784052319,7,0,0,0
62,0.0,0.0,0.0,80.53561665040333,-6.689266168076831,7,0,0,0
63,0.0,0.0,0.0,81.71589246964986,-6.445703343301029,7,0,0,0
64,0.0,0.0,0.0,82.87864343067595,-6.173005142277246,7,0,0,0
65,0.0,0.0,0.0,84.02304801574364,-5.871958397557813,7,0,0,0
66,0.0,0.0,0.0,85.1482847071151,-5.543349941695063,7,0,0,0
67,0.0,0.0,0.0,86.25353198705234,-5.18796660724133,7,0,0,0
68,0.0,0.0,0.0,87.3379683378175,-4.806595226748947,7,0,0,0
69,0.0,0.0,0.0,88.40077224167274,-4.400022632770252,7,0,0,0
70,0.0,0.0,0.0,89.44112218088009,-3.969035657857569,7,0,0,0
71,0.0,0.0,0.0,90.45819663770163,-3.514421134563238,7,0,0,0
72,0.0,0.0,0.0,91.45117409439952,-3.0369658954395895,7,0,0,0
73,0.0,0.0,0.0,92.41923303323581,-2.5374567730389592,7,0,0,0
74,0.0,0.0,0.0,93.36155193647261,-2.016680599913672,7,0,0,0
75,0.0,0.0,0.0,94.27730928637202,-1.47542420861607,7,0,0,0
76,0.0,0.0,0.0,95.16568356519618,-0.9144744316984841,7,0,0,0
77,0.0,0.0,0.0,96.02585325520715,-0.3346181017132457,7,0,0,0
78,0.0,0.0,0.0,96.85699683866699,0.2633579487873132,7,0,0,0
79,0.0,0.0,0.0,97.65829279783785,0.8786668872508573,7,0,0,0
80,0.0,0.0,0.0,98.42891961498182,1.510521881125051,7,0,0,0
81,0.0,0.0,0.0,99.16805577236101,2.1581360978575646,7,0,0,0
82,0.0,0.0,0.0,99.87487975223748,2.8207227048960677,7,0,0,0
83,0.0,0.0,0.0,100.54857003687334,3.4974948696882233,7,0,0,0
84,0.0,0.0,0.0,101.18830510853073,4.187665759681698,7,0,0,0
85,0.0,0.0,0.0,101.79326344947171,4.8904485423241635,7,0,0,0
86,0.0,0.0,0.0,102.36262354195837,5.605056385063281,7,0,0,0
87,0.0,0.0,0.0,102.89556386825282,6.33070245534672,7,0,0,0
88,0.0,0.0,0.0,103.39126291061719,7.066599920622149,7,0,0,0
89,0.0,0.0,0.0,103.8488991513135,7.811961948337231,7,0,0,0
90,0.0,0.0,0.0,104.26765107260394,8.566001705939636,7,0,0,0
91,0.0,0.0,0.0,104.64669715675055,9.327932360877028,7,0,0,0
92,0.0,0.0,0.0,104.98521588601547,10.096967080597079,7,0,0,0
93,0.0,0.0,0.0,105.28238574266074,10.87231903254745,7,0,0,0
94,0.0,0.0,0.0,105.53738520894848,11.653201384175809,7,0,0,0
95,0.0,0.0,0.0,105.74939276714082,12.438827302929825,7,0,0,0
96,0.0,0.0,0.0,105.91758689949984,13.228409956257165,7,0,0,0
97,0.0,0.0,0.0,106.04114608828762,14.021162511605496,7,0,0,0
98,0.0,0.0,0.0,106.11924881576627,14.816298136422482,7,0,0,0
99,0.0,0.0,0.0,106.15107356419792,15.613029998155795,7,0,0,0
100,0.0,0.0,0.0,106.13579881584461,16.410571264253093,7,0,0,0
101,0.0,0.0,0.0,106.07260305296847,17.208135102162053,7,0,0,0
102,0.0,0.0,0.0,105.96066475783162,18.004934679330344,7,0,0,0
103,0.0,0.0,0.0,105.79916241269612,18.800183163205617,7,0,0,0
104,0.0,0.0,0.0,105.58727449982406,19.593093721235547,7,0,0,0
105,0.0,0.0,0.0,105.32417950147757,20.38287952086781,7,0,0,0
106,0.0,0.0,0.0,105.00905589991874,21.168753729550062,7,0,0,0
107,0.0,0.0,0.0,104.64108217740969,21.949929514729973,7,0,0,0
108,0.0,0.0,0.0,104.21943681621248,22.725620043855212,7,0,0,0
109,0.0,0.0,0.0,103.74329829858922,23.495038484373442,7,0,0,0
110,0.0,0.0,0.0,103.21184510680202,24.257398003732334,7,0,0,0
111,0.0,0.0,0.0,102.62425572311295,25.011911769379545,7,0,0,0
112,0.0,0.0,0.0,101.97970862978414,25.757792948762756,7,0,0,0
113,0.0,0.0,0.0,76.20793151855469,-45.72478103637695,7,0,0,0
114,0.0,0.0,0.0,76.18016088453209,-44.725295360291746,7,0,0,0
115,0.0,0.0,0.0,76.09693467225475,-43.7288937231978,7,0,0,0
116,0.0,0.0,0.0,75.95850968668734,-42.73865064789548,7,0,0,0
117,0.0,0.0,0.0,75.76531305556475,-41.757621654166755,7,0,0,0
118,0.0,0.0,0.0,75.51794091143555,-40.788833830583876,7,0,0,0
119,0.0,0.0,0.0,75.21715655221996,-39.83527649404621,7,0,0,0
120,0.0,0.0,0.0,74.86388808595795,-38.899891965866274,7,0,0,0
121,0.0,0.0,0.0,74.45922556701487,-37.98556649286655,7,0,0,0
122,0.0,0.0,0.0,74.0044176325814,-37.0951213415013,7,0,0,0
123,0.0,0.0,0.0,73.50086764984619,-36.23130409248337,7,0,0,0
124,0.0,0.0,0.0,72.95012938572953,-35.39678016277776,7,0,0,0
125,0.0,0.0,0.0,72.35390221253975,-34.59412458112168,7,0,0,0
126,0.0,0.0,0.0,71.71402586434586,-33.825814042448954,7,0,0,0
127,0.0,0.0,0.0,71.03247476024623,-33.09421926573572,7,0,0,0
128,0.0,0.0,0.0,70.3113519120497,-32.40159767884828,7,0,0,0
129,0.0,0.0,0.0,69.5528824351677,-31.750086452965064,7,0,0,0
130,0.0,0.0,0.0,68.75940668274018,-31.141695908065564,7,0,0,0
131,0.0,0.0,0.0,67.9333730241812,-30.578303309834816,7,0,0,0
132,0.0,0.0,0.0,67.07733029042656,-30.06164707712353,7,0,0,0
133,0.0,0.0,0.0,66.19391990919479,-29.593321417837736,7,0,0,0
134,0.0,0.0,0.0,65.28586775452912,-29.17477140980936,7,0,0,0
135,0.0,0.0,0.0,64.35597573576962,-28.807288541826523,7,0,0,0
136,0.0,0.0,0.0,63.40711315190888,-28.492006728582158,7,0,0,0
137,0.0,0.0,0.0,62.442207838008486,-28.229898811837323,7,0,0,0
138,0.0,0.0,0.0,61.464237130994974,-28.02177355859539,7,0,0,0
139,0.0,0.0,0.0,60.4762186827116,-27.86827316554955,7,0,0,0
140,0.0,0.0,0.0,59.481201148573334,-27.769871277503974,7,0,0,0
141,0.0,0.0,0.0,58.482254780556474,-27.726871525883112,7,0,0,0
142,0.0,0.0,0.0,57.48246195354929,-27.739406591838666,7,0,0,0
143,0.0,0.0,0.0,56.48490765429592,-27.807437796845186,7,0,0,0
144,0.0,0.0,0.0,55.49266996228105,-27.930755222047512,7,0,0,0
145,0.0,0.0,0.0,54.50881055192784,-28.108978355991887,7,0,0,0
146,0.0,0.0,0.0,53.53636524541568,-28.341557268741962,7,0,0,0
147,0.0,0.0,0.0,52.57833464526837,-28.627774308756912,7,0,0,0
148,0.0,0.0,0.0,51.63767487561694,-28.96674631729571,7,0,0,0
149,0.0,0.0,0.0,50.717288460706115,-29.357427353514687,7,0,0,0
150,0.0,0.0,0.0,49.82001536879012,-29.798611921849794,7,0,0,0
151,0.0,0.0,0.0,48.94862424905273,-30.28893869172507,7,0,0,0
152,0.0,0.0,0.0,48.105803888591346,-30.826894698109662,7,0,0,0
153,0.0,0.0,0.0,47.29415491582566,-31.410820009962062,7,0,0,0
154,0.0,0.0,0.0,46.516181775930946,-32.0389128521565,7,0,0,0
155,0.0,0.0,0.0,45.774285003056924,-32.7092351650871,7,0,0,0
156,0.0,0.0,0.0,45.07075381317715,-33.41971858479503,7,0,0,0
157,0.0,0.0,0.0,44.40775904042469,-34.16817082516607,7,0,0,0
158,0.0,0.0,0.0,43.787346438709896,-34.95228244250572,7,0,0,0
159,0.0,0.0,0.0,43.21143036928888,-35.769633961618624,7,0,0,0
160,0.0,0.0,0.0,42.68178789376073,-36.617703341404216,7,0,0,0
161,0.0,0.0,0.0,42.20005329071996,-37.49387375693231,7,0,0,0
162,0.0,0.0,0.0,41.76771301298402,-38.39544167398611,7,0,0,0
163,0.0,0.0,0.0,41.386101100955834,-39.31962519115773,7,0,0,0
164,0.0,0.0,0.0,41.05639506627402,-40.2635726237555,7,0,0,0
165,0.0,0.0,0.0,40.77961225845237,-41.22437130303638,7,0,0,0
166,0.0,0.0,0.0,40.55660672571975,-42.19905656361241,7,0,0,0
167,0.0,0.0,0.0,40.38806657974668,-43.18462089129929,7,0,0,0
168,0.0,0.0,0.0,40.27451187239002,-44.17802320318036,7,0,0,0
169,0.0,0.0,0.0,40.216292991007506,-45.176198231251135,7,0,0,0
170,0.0,0.0,0.0,40.21358957729336,-46.176065980689934,7,0,0,0
171,0.0,0.0,0.0,40.266409972971246,-47.17454123357002,7,0,0,0
172,0.0,0.0,0.0,40.3745911940548,-48.16854306868824,7,0,0,0
173,0.0,0.0,0.0,40.537799433755254,-49.155004368135614,7,0,0,0
174,0.0,0.0,0.0,40.75553109248436,-50.13088128127609,7,0,0,0
175,0.0,0.0,0.0,41.027114331774385,-51.09316261693124,7,0,0,0
176,0.0,0.0,0.0,41.35171114732032,-52.03887913479003,7,0,0,0
177,0.0,0.0,0.0,41.728319954747796,-52.96511270737395,7,0,0,0
178,0.0,0.0,0.0,42.155778680127824,-53.869005324287045,7,0,0,0
179,0.0,0.0,0.0,42.632768345702395,-54.74776791096708,7,0,0,0
180,0.0,0.0,0.0,43.15781713975646,-55.59868893472656,7,0,0,0
181,0.0,0.0,0.0,43.7293049580785,-56.4191427715285,7,0,0,0
182,0.0,0.0,0.0,44.345468402996204,-57.2065978076802,7,0,0,0
183,0.0,0.0,0.0,45.00440622456212,-57.9586242514463,7,0,0,0
184,0.0,0.0,0.0,45.70408518709998,-58.67290163047734,7,0,0,0
185,0.0,0.0,0.0,46.44234634300958,-59.34722595191958,7,0,0,0
186,0.0,0.0,0.0,47.216911694471605,-59.979516503112656,7,0,0,0
187,0.0,0.0,0.0,48.025391222496935,-60.56782227189065,7,0,0,0
188,0.0,0.0,0.0,48.86529026163139,-61.11032796667601,7,0,0,0
189,0.0,0.0,0.0,49.734017197560334,-61.60535961779038,7,0,0,0
190,0.0,0.0,0.0,50.628891463861194,-62.05138974269902,7,0,0,0
191,0.0,0.0,0.0,51.54715181322888,-62.44704205925062,7,0,0,0
192,0.0,0.0,0.0,52.485964837652325,-62.79109573236927,7,0,0,0
193,0.0,0.0,0.0,53.44243371125186,-63.082489141094925,7,0,0,0
194,0.0,0.0,0.0,54.413607128800514,-63.32032315434867,7,0,0,0
195,0.0,0.0,0.0,55.396488412348155,-63.50386390531493,7,0,0,0
196,0.0,0.0,0.0,56.38804475784889,-63.632545055879994,7,0,0,0
197,0.0,0.0,0.0,57.38521659326008,-63.705969544139656,7,0,0,0
198,0.0,0.0,0.0,58.384927019237416,-63.723910809583714,7,0,0,0
199,0.0,0.0,0.0,59.38409130329551,-63.686313492177,7,0,0,0
200,0.0,0.0,0.0,60.37962639813871,-63.593293603179724,7,0,0,0
201,0.0,0.0,0.0,61.36846045479194,-63.44513816718013,7,0,0,0
202,0.0,0.0,0.0,62.34754230117784,-63.24230433644395,7,0,0,0
203,0.0,0.0,0.0,63.31385085689259,-62.9854179803135,7,0,0,0
204,0.0,0.0,0.0,64.26440445513025,-62.67527175400893,7,0,0,0
205,0.0,0.0,0.0,65.1962700429913,-62.31282265279072,7,0,0,0
206,0.0,0.0,0.0,66.10657223178701,-61.89918905903017,7,0,0,0
207,0.0,0.0,0.0,66.99250216941347,-61.4356472912997,7,0,0,0
208,0.0,0.0,0.0,67.85132620741875,-60.923627666131075,7,0,0,0
209,0.0,0.0,0.0,68.6803943360196,-60.36471008459351,7,0,0,0
210,0.0,0.0,0.0,69.47714836104055,-59.76061915730985,7,0,0,0
211,0.0,0.0,0.0,70.2391297975444,-59.1132188829532,7,0,0,0
212,0.0,0.0,0.0,70.96398745579722,-58.424506896644154,7,0,0,0
213,0.0,0.0,0.0,71.64948469616061,-57.69660830599591,7,0,0,0
214,0.0,0.0,0.0,72.29350633052505,-56.93176913382696,7,0,0,0
215,0.0,0.0,0.0,72.89406514898936,-56.132349387774696,7,0,0,0
216,0.0,0.0,0.0,73.44930805164724,-55.30081577819445,7,0,0,0
217,0.0,0.0,0.0,73.95752176656056,-54.439734106813894,7,0,0,0
218,0.0,0.0,0.0,74.41713813627574,-53.55176134962854,7,0,0,0
219,0.0,0.0,0.0,74.8267389565712,-52.63963745846748,7,0,0,0
220,0.0,0.0,0.0,75.18506035250522,-51.706176906526785,7,0,0,0
221,0.0,0.0,0.0,75.49099667826121,-50.754260003957846,7,0,0,0
222,0.0,0.0,0.0,75.74360392875732,-49.78682401030746,7,0,0,0
223,0.0,0.0,0.0,75.94210265249299,-48.806854071233396,7,0,0,0
224,0.0,0.0,0.0,76.08588035664482,-47.81737400746134,7,0,0,0
225,0.0,0.0,0.0,76.17449339699027,-46.82143698440504,7,0,0,0
226,0.0,0.0,0.0,76.2076683468279,-45.822116091239685,7,0,0,0
227,0.0,0.0,0.0,-11.066879272460938,-39.458717346191406,7,0,0,0
228,0.0,0.0,0.0,-10.066879272460938,-39.458717346191406,7,0,0,0
229,0.0,0.0,0.0,-9.066879272460938,-39.458717346191406,7,0,0,0
230,0.0,0.0,0.0,-8.066879272460938,-39.458717346191406,7,0,0,0
231,0.0,0.0,0.0,-7.0668792724609375,-39.458717346191406,7,0,0,0
232,0.0,0.0,0.0,-6.0668792724609375,-39.458717346191406,7,0,0,0
233,0.0,0.0,0.0,-5.0668792724609375,-39.458717346191406,7,0,0,0
234,0.0,0.0,0.0,-4.0668792724609375,-39.458717346191406,7,0,0,0
235,0.0,0.0,0.0,-3.0668792724609375,-39.458717346191406,7,0,0,0
236,0.0,0.0,0.0,-2.0668792724609375,-39.458717346191406,7,0,0,0
237,0.0,0.0,0.0,-1.0668792724609375,-39.458717346191406,7,0,0,0
238,0.0,0.0,0.0,-0.0668792724609375,-39.458717346191406,7,0,0,0
239,0.0,0.0,0.0,0.9331207275390625,-39.458717346191406,7,0,0,0
240,0.0,0.0,0.0,1.9331207275390625,-39.458717346191406,7,0,0,0
241,0.0,0.0,0.0,2.9331207275390625,-39.458717346191406,7,0,0,0
242,0.0,0.0,0.0,3.9331207275390625,-39.458717346191406,7,0,0,0
243,0.0,0.0,0.0,4.9331207275390625,-39.458717346191406,7,0,0,0
244,0.0,0.0,0.0,5.9331207275390625,-39.458717346191406,7,0,0,0
245,0.0,0.0,0.0,6.9331207275390625,-39.458717346191406,7,0,0,0
246,0.0,0.0,0.0,7.9331207275390625,-39.458717346191406,7,0,0,0
247,0.0,0.0,0.0,8.933120727539062,-39.458717346191406,7,0,0,0
248,0.0,0.0,0.0,9.933120727539062,-39.458717346191406,7,0,0,0
249,0.0,0.0,0.0,10.933120727539062,-39.458717346191406,7,0,0,0
250,0.0,0.0,0.0,11.933120727539062,-39.458717346191406,7,0,0,0
251,0.0,0.0,0.0,12.933120727539062,-39.458717346191406,7,0,0,0
252,0.0,0.0,0.0,13.933120727539062,-39.458717346191406,7,0,0,0
253,0.0,0.0,0.0,14.933120727539062,-39.458717346191406,7,0,0,0
254,0.0,0.0,0.0,15.933120727539062,-39.458717346191406,7,0,0,0
255,0.0,0.0,0.0,16.933120727539062,-39.458717346191406,7,0,0,0
256,0.0,0.0,0.0,17.933120727539062,-39.458717346191406,7,0,0,0
257,0.0,0.0,0.0,18.933120727539062,-39.458717346191406,7,0,0,0
258,0.0,0.0,0.0,100.85196685791016,-38.240318298339844,7,0,0,0
259,0.0,0.0,0.0,101.5359080491695,-37.51078115267916,7,0,0,0
260,0.0,0.0,0.0,102.21984924042886,-36.78124400701847,7,0,0,0
261,0.0,0.0,0.0,102.90379043168821,-36.051706861357786,7,0,0,0
262,0.0,0.0,0.0,103.58773162294756,-35.3221697156971,7,0,0,0
263,0.0,0.0,0.0,104.27167281420691,-34.592632570036415,7,0,0,0
264,0.0,0.0,0.0,104.95561400546626,-33.86309542437573,7,0,0,0
265,0.0,0.0,0.0,105.63955519672561,-33.13355827871504,7,0,0,0
266,0.0,0.0,0.0,106.32349638798496,-32.40402113305436,7,0,0,0
267,0.0,0.0,0.0,107.00743757924431,-31.674483987393668,7,0,0,0
268,0.0,0.0,0.0,107.69137877050366,-30.944946841732982,7,0,0,0
269,0.0,0.0,0.0,108.37531996176301,-30.215409696072292,7,0,0,0
270,0.0,0.0,0.0,109.05926115302236,-29.485872550411607,7,0,0,0
271,0.0,0.0,0.0,109.7432023442817,-28.75633540475092,7,0,0,0
272,0.0,0.0,0.0,110.42714353554105,-28.026798259090235,7,0,0,0
273,0.0,0.0,0.0,111.1110847268004,-27.29726111342955,7,0,0,0
274,0.0,0.0,0.0,111.79502591805975,-26.567723967768863,7,0,0,0
275,0.0,0.0,0.0,112.4789671093191,-25.838186822108177,7,0,0,0
276,0.0,0.0,0.0,113.16290830057845,-25.10864967644749,7,0,0,0
277,0.0,0.0,0.0,113.8468494918378,-24.379112530786806,7,0,0,0
278,0.0,0.0,0.0,114.53079068309715,-23.64957538512612,7,0,0,0
279,0.0,0.0,0.0,115.2147318743565,-22.920038239465434,7,0,0,0
280,0.0,0.0,0.0,115.89867306561585,-22.190501093804745,7,0,0,0
281,0.0,0.0,0.0,116.5826142568752,-21.46096394814406,7,0,0,0
282,0.0,0.0,0.0,117.26655544813455,-20.731426802483373,7,0,0,0
283,0.0,0.0,0.0,117.9504966393939,-20.001889656822687,7,0,0,0
284,0.0,0.0,0.0,118.63443783065325,-19.272352511162,7,0,0,0
285,0.0,0.0,0.0,119.3183790219126,-18.542815365501315,7,0,0,0
286,0.0,0.0,0.0,120.00232021317196,-17.813278219840626,7,0,0,0
287,0.0,0.0,0.0,120.6862614044313,-17.08374107417994,7,0,0,0
288,0.0,0.0,0.0,121.37020259569064,-16.354203928519254,7,0,0,0
289,0.0,0.0,0.0,2.143131898507868e-16,3.5,7,0,0,0
290,0.0,0.0,0.0,0.998803900876551,3.5423396559549403,7,0,0,0
291,0.0,0.0,0.0,1.990441506306328,3.6690548419828826,7,0,0,0
292,0.0,0.0,0.0,2.9677979381331636,3.8792363921706077,7,0,0,0
293,0.0,0.0,0.0,3.92386078386935,4.171376279682429,7,0,0,0
294,0.0,0.0,0.0,4.8517704098949,4.543378436667737,7,0,0,0
295,0.0,0.0,0.0,5.744869178487166,4.992573793290642,7,0,0,0
296,0.0,0.0,0.0,6.596749215554679,5.515739427978598,7,0,0,0
297,0.0,0.0,0.0,7.4012983863475865,6.109121691489266,7,0,0,0
298,0.0,0.0,0.0,8.152744149274596,6.768463138883288,7,0,0,0
299,0.0,0.0,0.0,8.84569497318065,7.489033076169402,7,0,0,0
300,0.0,0.0,0.0,9.47517902092151,8.265661502453414,7,0,0,0
301,0.0,0.0,0.0,10.036679821685253,9.092776204060318,7,0,0,0
302,0.0,0.0,0.0,10.526168676116233,9.964442734483761,7,0,0,0
303,0.0,0.0,0.0,10.940133561738694,10.874406993311645,7,0,0,0
304,0.0,0.0,0.0,11.275604331287134,11.81614009862927,7,0,0,0
305,0.0,0.0,0.0,11.530174023148534,12.78288523094605,7,0,0,0
306,0.0,0.0,0.0,11.702016131016633,13.767706112546378,7,0,0,0
307,0.0,0.0,0.0,11.789897708850571,14.763536774431227,7,0,0,0
308,0.0,0.0,0.0,11.79318821711147,15.763232253778805,7,0,0,0
309,0.0,0.0,0.0,11.71186404680627,16.759619858176194,7,0,0,0
310,0.0,0.0,0.0,-2.143131898507867e-16,-3.5,7,0,0,0
311,0.0,0.0,0.0,0.9995286210863998,-3.4734136301764416,7,0,0,0
312,0.0,0.0,0.0,1.9962305684311823,-3.393729707140526,7,0,0,0
313,0.0,0.0,0.0,2.9872871621453054,-3.2611735775688047,7,0,0,0
314,0.0,0.0,0.0,3.969895687438207,-3.0761201110976693,7,0,0,0
315,0.0,0.0,0.0,4.941277320714305,-2.839092640189474,7,0,0,0
316,0.0,0.0,0.0,5.898684988105033,-2.550761480144775,7,0,0,0
317,0.0,0.0,0.0,6.839411134212431,-2.2119420334460997,7,0,0,0
318,0.0,0.0,0.0,7.760795379094239,-1.8235924837941724,7,0,0,0
319,0.0,0.0,0.0,8.66023204183647,-1.3868110863578913,7,0,0,0
320,0.0,0.0,0.0,9.535177509436775,-0.9028330619012372,7,0,0,0
321,0.0,0.0,0.0,10.383157430159297,-0.37302710357054814,7,0,0,0
322,0.0,0.0,0.0,11.201773711018253,0.20110849377900486,7,0,0,0
323,0.0,0.0,0.0,11.988711299601183,0.8179500707714773,7,0,0,0
324,0.0,0.0,0.0,12.741744731052945,1.475753195229899,7,0,0,0
325,0.0,0.0,0.0,13.458744421705454,2.1726575954423506,7,0,0,0
326,0.0,0.0,0.0,14.137682691554803,2.9066924210230223,7,0,0,0
327,0.0,0.0,0.0,14.776639498554093,3.6757818164905114,7,0,0,0
328,0.0,0.0,0.0,15.373807868505418,4.477750791801247,7,0,0,0
329,0.0,0.0,0.0,15.927499005195186,5.310331373236144,7,0,0,0
330,0.0,0.0,0.0,16.43614706632131,6.171169017245695,7,0,0,0
331,0.0,0.0,0.0,16.89831359170588,7.057829269115164,7,0,0,0
332,0.0,0.0,0.0,17.312691571270346,7.967804647619079,7,0,0,0
333,0.0,0.0,0.0,17.678109141268912,8.898521736195205,7,0,0,0
334,0.0,0.0,0.0,17.993532898327175,9.84734846058408,7,0,0,0
335,0.0,0.0,0.0,18.25807082191391,10.811601532352945,7,0,0,0
336,0.0,0.0,0.0,18.470974796981196,11.788554037253684,7,0,0,0
337,0.0,0.0,0.0,18.631642729638852,12.775443146954863,7,0,0,0
338,0.0,0.0,0.0,18.739620249880083,13.769477932339074,7,0,0,0
339,0.0,0.0,0.0,18.79460199654292,14.767847256269441,7,0,0,0
340,0.0,0.0,0.0,18.796432480873687,15.767727723504594,7,0,0,0
341,0.0,0.0,0.0,18.745106526250236,16.766291665279617,7,0,0,0
342,0.0,0.0,0.0,18.64076928282149,17.760715135972543,7,0,0,0
343,0.0,0.0,0.0,28.859237670898438,4.973869323730469,7,0,0,0
344,0.0,0.0,0.0,29.858879428813413,4.950691136303654,7,0,0,0
345,0.0,0.0,0.0,30.856372658209608,4.881206390866399,7,0,0,0
346,0.0,0.0,0.0,31.84957344839734,4.765564430877006,7,0,0,0
347,0.0,0.0,0.0,32.836347114420036,4.604013805425229,7,0,0,0
348,0.0,0.0,0.0,33.81457278512936,4.3969017350260735,7,0,0,0
349,0.0,0.0,0.0,34.78214796157039,4.144673365339287,7,0,0,0
350,0.0,0.0,0.0,35.7369930358794,3.8478708104184527,7,0,0,0
351,0.0,0.0,0.0,36.67705576098198,3.507131987546085,7,0,0,0
352,0.0,0.0,0.0,37.60031566148447,3.1231892461589688,7,0,0,0
353,0.0,0.0,0.0,38.50478837627875,2.696867793810622,7,0,0,0
354,0.0,0.0,0.0,39.38852992352651,2.229083922553965,7,0,0,0
355,0.0,0.0,0.0,40.24964087885652,1.7208430395561685,7,0,0,0
356,0.0,0.0,0.0,41.08627045779452,1.1732375061785838,7,0,0,0
357,0.0,0.0,0.0,41.89662049365154,0.5874442901660863,7,0,0,0
358,0.0,0.0,0.0,42.67894930232079,-0.03527756400789883,7,0,0,0
359,0.0,0.0,0.0,43.43157542567671,-0.6935896412037774,7,0,0,0
360,0.0,0.0,0.0,44.15288124553041,-1.3860770322694353,7,0,0,0
361,0.0,0.0,0.0,44.8413164603739,-2.1112513751023325,7,0,0,0
362,0.0,0.0,0.0,45.49540141744089,-2.867554053583918,7,0,0,0
363,0.0,0.0,0.0,46.113730292922135,-3.6533595475108953,7,0,0,0
364,0.0,0.0,0.0,46.694974113500535,-4.466978926323348,7,0,0,0
365,0.0,0.0,0.0,47.23788361271137,-5.306663479120624,7,0,0,0
366,0.0,0.0,0.0,47.74129191598891,-6.170608473163048,7,0,0,0
367,0.0,0.0,0.0,48.20411704862809,-7.0569570327812485,7,0,0,0
368,0.0,0.0,0.0,48.625364261271145,-7.963804130356241,7,0,0,0
369,0.0,0.0,0.0,49.00412816792088,-8.889200680792408,7,0,0,0
370,0.0,0.0,0.0,49.339594691885466,-9.831157730683142,7,0,0,0
371,0.0,0.0,0.0,49.63104281547217,-10.7876507331654,7,0,0,0
372,0.0,0.0,0.0,49.87784612966964,-11.756623899275212,7,0,0,0
373,0.0,0.0,0.0,50.07947418048788,-12.735994616451793,7,0,0,0
374,0.0,0.0,0.0,50.23549360906212,-13.723657924693574,7,0,0,0
375,0.0,0.0,0.0,28.859237670898438,-2.0261306762695312,7,0,0,0
376,0.0,0.0,0.0,29.858452547167907,-2.060438668723533,7,0,0,0
377,0.0,0.0,0.0,30.85296111887463,-2.163201055355401,7,0,0,0
378,0.0,0.0,0.0,31.838079248162124,-2.333933825067449,7,0,0,0
379,0.0,0.0,0.0,32.80916702618113,-2.5718328260879364,7,0,0,0
380,0.0,0.0,0.0,33.761650627071916,-2.8757775535279073,7,0,0,0
381,0.0,0.0,0.0,34.69104385069548,-3.244336426962029,7,0,0,0
382,0.0,0.0,0.0,35.59296925264743,-3.675773533175958,7,0,0,0
383,0.0,0.0,0.0,36.46317876203204,-4.168056802321928,7,0,0,0
384,0.0,0.0,0.0,37.29757368988676,-4.7188675789727945,7,0,0,0
385,0.0,0.0,0.0,38.09222403401755,-5.325611542994899,7,0,0,0
386,0.0,0.0,0.0,38.843386989318915,-5.985430928802371,7,0,0,0
387,0.0,0.0,0.0,39.54752457639539,-6.695217985440173,7,0,0,0
388,0.0,0.0,0.0,40.201320305453265,-7.451629614098874,7,0,0,0
389,0.0,0.0,0.0,40.80169479697585,-8.25110311411837,7,0,0,0
390,0.0,0.0,0.0,41.34582028560867,-9.089872963316909,7,0,0,0
391,0.0,0.0,0.0,41.8311339389413,-9.963988553609958,7,0,0,0
392,0.0,0.0,0.0,42.25534992845449,-10.869332798384164,7,0,0,0
393,0.0,0.0,0.0,42.616470195778184,-11.801641523985563,7,0,0,0
394,0.0,0.0,0.0,42.912793863551386,-12.756523553988155,7,0,0,0
395,0.0,0.0,0.0,43.14292524655882,-13.729481391645841,7,0,0,0
396,0.0,0.0,0.0,43.30578042541178,-14.715932403113316,7,0,0,0
397,0.0,0.0,0.0,71.85199737548828,-11.012321472167969,7,0,0,0
398,0.0,0.0,0.0,73.22814790351421,-10.9934151920178,7,0,0,0
399,0.0,0.0,0.0,74.59198424452178,-10.93724759030488,7,0,0,0
400,0.0,0.0,0.0,75.94265304972441,-10.844643669844874,7,0,0,0
401,0.0,0.0,0.0,77.27931106233683,-10.716425024915544,7,0,0,0
402,0.0,0.0,0.0,78.60112466236927,-10.55340870869378,7,0,0,0
403,0.0,0.0,0.0,79.90726934434495,-10.35640614194874,7,0,0,0
404,0.0,0.0,0.0,81.1969291372003,-10.126222058804322,7,0,0,0
405,0.0,0.0,0.0,82.46929597334992,-9.863653483459963,7,0,0,0
406,0.0,0.0,0.0,83.72356901130485,-9.569488730225071,7,0,0,0
407,0.0,0.0,0.0,84.9589539133626,-9.244506418090957,7,0,0,0
408,0.0,0.0,0.0,86.17466207675224,-8.889474490347837,7,0,0,0
409,0.0,0.0,0.0,87.3699098132157,-8.50514922947526,7,0,0,0
410,0.0,0.0,0.0,88.54391746832339,-8.092274257730534,7,0,0,0
411,0.0,0.0,0.0,89.69590846781685,-7.651579514593051,7,0,0,0
412,0.0,0.0,0.0,90.82510827390887,-7.183780203587902,7,0,0,0
413,0.0,0.0,0.0,91.93074322969841,-6.689575703147057,7,0,0,0
414,0.0,0.0,0.0,93.01203926462921,-6.16964843926107,7,0,0,0
415,0.0,0.0,0.0,94.06822042821078,-5.624662721985948,7,0,0,0
416,0.0,0.0,0.0,95.0985072130282,-5.055263553733708,7,0,0,0
417,0.0,0.0,0.0,96.10211462145597,-4.462075425120798,7,0,0,0
418,0.0,0.0,0.0,97.07824992361309,-3.8457011245101933,7,0,0,0
419,0.0,0.0,0.0,98.02611004724857,-3.206720600909994,7,0,0,0
420,0.0,0.0,0.0,98.94487853393024,-2.545689937345047,7,0,0,0
421,0.0,0.0,0.0,99.83372199092578,-1.8631405140559436,7,0,0,0
422,0.0,0.0,0.0,100.69178596572111,-1.1595784688041202,7,0,0,0
423,0.0,0.0,0.0,101.51819017197809,-0.4354845960251241,7,0,0,0
424,0.0,0.0,0.0,102.31202300435395,0.3086851317966608,7,0,0,0
425,0.0,0.0,0.0,103.07233529832861,1.0724981882324331,7,0,0,0
426,0.0,0.0,0.0,103.79813332435842,1.8555429747774306,7,0,0,0
427,0.0,0.0,0.0,104.48837105868742,2.6574248132188125,7,0,0,0
428,0.0,0.0,0.0,105.1419418522784,3.477760042303344,7,0,0,0
429,0.0,0.0,0.0,105.75766973121836,4.316167762377068,7,0,0,0
430,0.0,0.0,0.0,106.33430071251061,5.172258743160633,7,0,0,0
431,0.0,0.0,0.0,106.87049471159888,6.045621021431067,7,0,0,0
432,0.0,0.0,0.0,107.36481884975429,6.9358017917629855,7,0,0,0
433,0.0,0.0,0.0,107.81574322811596,7.842285364594467,7,0,0,0
434,0.0,0.0,0.0,108.22164049318432,8.764467263669555,7,0,0,0
435,0.0,0.0,0.0,108.58079072842273,9.70162498630801,7,0,0,0
436,0.0,0.0,0.0,108.89139329824278,10.652886565257067,7,0,0,0
437,0.0,0.0,0.0,109.15158715439318,11.617198827675631,7,0,0,0
438,0.0,0.0,0.0,109.35948069429413,12.593298072132377,7,0,0,0
439,0.0,0.0,0.0,109.5131914589802,13.579686641537625,7,0,0,0
440,0.0,0.0,0.0,109.61089475552326,14.574619359161176,7,0,0,0
441,0.0,0.0,0.0,109.65087876656249,15.576103781156515,7,0,0,0
442,0.0,0.0,0.0,109.63160208126787,16.58191749110396,7,0,0,0
443,0.0,0.0,0.0,109.55174818797549,17.5896441185129,7,0,0,0
444,0.0,0.0,0.0,109.4102707149357,18.596727498408146,7,0,0,0
445,0.0,0.0,0.0,109.20642344653322,19.600540737852914,7,0,0,0
446,0.0,0.0,0.0,108.93977053849312,20.59846445420335,7,0,0,0
447,0.0,0.0,0.0,108.61017476667233,21.587966703239953,7,0,0,0
448,0.0,0.0,0.0,108.21776461956158,22.5666766002722,7,0,0,0
449,0.0,0.0,0.0,107.76288393811753,23.532444527878813,7,0,0,0
450,0.0,0.0,0.0,107.24602997803692,24.483383916733924,7,0,0,0
451,0.0,0.0,0.0,106.66778679125235,25.41789236761079,7,0,0,0
452,0.0,0.0,0.0,106.02876059907437,26.33465270872062,7,0,0,0
453,0.0,0.0,0.0,105.3295225840198,27.232616885165786,7,0,0,0
454,0.0,0.0,0.0,104.57056268831948,28.110977014527897,7,0,0,0
455,0.0,0.0,0.0,71.85199737548828,-4.012321472167969,7,0,0,0
456,0.0,0.0,0.0,73.03574150771945,-3.9960599931689336,7,0,0,0
457,0.0,0.0,0.0,74.20825135885867,-3.947773427504028,7,0,0,0
458,0.0,0.0,0.0,75.3687372422167,-3.868210437462242,7,0,0,0
459,0.0,0.0,0.0,76.51639937910306,-3.7581230938704846,7,0,0,0
460,0.0,0.0,0.0,77.65042835403162,-3.618268008656531,7,0,0,0
461,0.0,0.0,0.0,78.7700056370035,-3.449407426155897,7,0,0,0
462,0.0,0.0,0.0,79.87430416360635,-3.25231027734934,7,0,0,0
463,0.0,0.0,0.0,80.9624889659498,-3.027753203142095,7,0,0,0
464,0.0,0.0,0.0,82.03371785004705,-2.7765215543294204,7,0,0,0
465,0.0,0.0,0.0,83.08714211812467,-2.4994103770246676,7,0,0,0
466,0.0,0.0,0.0,84.12190733747795,-2.1972253930422894,7,0,0,0
467,0.0,0.0,0.0,85.13715416088898,-1.8707839850074013,7,0,0,0
468,0.0,0.0,0.0,86.13201920731161,-1.5209161957673603,7,0,0,0
469,0.0,0.0,0.0,87.10563601552863,-1.148465750947453,7,0,0,0
470,0.0,0.0,0.0,88.0571360878513,-0.7542911121272367,7,0,0,0
471,0.0,0.0,0.0,88.98565004570486,-0.33926656597941873,7,0,0,0
472,0.0,0.0,0.0,89.89030892416983,0.09571664838189076,7,0,0,0
473,0.0,0.0,0.0,90.77024563826085,0.5497491759080297,7,0,0,0
474,0.0,0.0,0.0,91.62459665991702,1.021902353906364,7,0,0,0
475,0.0,0.0,0.0,92.45250395128807,1.5112270078886572,7,0,0,0
476,0.0,0.0,0.0,93.25311720677927,2.0167522611132256,7,0,0,0
477,0.0,0.0,0.0,94.02559646316574,2.5374843974835026,7,0,0,0
478,0.0,0.0,0.0,94.76911514340374,3.0724058349196732,7,0,0,0
479,0.0,0.0,0.0,95.48286360474991,3.620474288557658,7,0,0,0
480,0.0,0.0,0.0,96.16605326424254,4.1806222310542225,7,0,0,0
481,0.0,0.0,0.0,96.81792137274394,4.751756791740253,7,0,0,0
482,0.0,0.0,0.0,97.437736500121,5.332760277995474,7,0,0,0
483,0.0,0.0,0.0,98.02480477541808,5.922491551144013,7,0,0,0
484,0.0,0.0,0.0,98.57847689270304,6.519788544585966,7,0,0,0
485,0.0,0.0,0.0,99.098155840256,7.123472271429515,7,0,0,0
486,0.0,0.0,0.0,99.58330523163833,7.732352727823218,7,0,0,0
487,0.0,0.0,0.0,100.03345800528729,8.345237148316372,7,0,0,0
488,0.0,0.0,0.0,100.44822510872376,8.960941098083666,7,0,0,0
489,0.0,0.0,0.0,100.82730359102813,9.578302875243395,7,0,0,0
490,0.0,0.0,0.0,101.1704832954536,10.196201620116286,7,0,0,0
491,0.0,0.0,0.0,101.47765108538513,10.81357935715959,7,0,0,0
492,0.0,0.0,0.0,101.74879127884661,11.429466897524602,7,0,0,0
493,0.0,0.0,0.0,101.98398075689875,12.04301307878689,7,0,0,0
494,0.0,0.0,0.0,102.18337711965418,12.65351620309455,7,0,0,0
495,0.0,0.0,0.0,102.34719837988845,13.260455778184019,7,0,0,0
496,0.0,0.0,0.0,102.47569310470554,13.863521840381953,7,0,0,0
497,0.0,0.0,0.0,102.56910071759503,14.462638381673367,7,0,0,0
498,0.0,0.0,0.0,102.62760287600928,15.057976913683788,7,0,0,0
499,0.0,0.0,0.0,102.65126836183335,15.649956215155076,7,0,0,0
500,0.0,0.0,0.0,102.63999555042135,16.239225037402225,7,0,0,0
501,0.0,0.0,0.0,102.59345791796146,16.826626085811206,7,0,0,0
502,0.0,0.0,0.0,102.51105880072754,17.41314186025254,7,0,0,0
503,0.0,0.0,0.0,102.39190137885902,17.99982558855832,7,0,0,0
504,0.0,0.0,0.0,102.234778461155,18.587722988267746,7,0,0,0
505,0.0,0.0,0.0,102.03818423628282,19.177792338495667,7,0,0,0
506,0.0,0.0,0.0,101.80034718027589,19.770830858827924,7,0,0,0
507,0.0,0.0,0.0,101.51928041670185,20.367414501581134,7,0,0,0
508,0.0,0.0,0.0,101.19284365438804,20.9678561709765,7,0,0,0
509,0.0,0.0,0.0,100.8188098059261,21.572184601136094,7,0,0,0
510,0.0,0.0,0.0,100.39492961452966,22.18014329874405,7,0,0,0
511,0.0,0.0,0.0,99.9189888622061,22.791206653593303,7,0,0,0
512,0.0,0.0,0.0,99.3888545712488,23.404608882997614,7,0,0,0
513,0.0,0.0,0.0,79.70793151855469,-45.72478103637695,7,0,0,0
514,0.0,0.0,0.0,79.67476103902769,-44.53095092327518,7,0,0,0
515,0.0,0.0,0.0,79.57535195214086,-43.34080452341296,7,0,0,0
516,0.0,0.0,0.0,79.41001099715757,-42.15801418346853,7,0,0,0
517,0.0,0.0,0.0,79.17924835442781,-40.98622955207033,7,0,0,0
518,0.0,0.0,0.0,78.88377607116237,-39.82906631834633,7,0,0,0
519,0.0,0.0,0.0,78.52450586432155,-38.69009505525968,7,0,0,0
520,0.0,0.0,0.0,78.10254630739747,-37.57283020215586,7,0,0,0
521,0.0,0.0,0.0,77.619199409771,-36.48071922051731,7,0,0,0
522,0.0,0.0,0.0,77.0759565991977,-35.417131956386584,7,0,0,0
523,0.0,0.0,0.0,76.47449411981952,-34.385350242281845,7,0,0,0
524,0.0,0.0,0.0,75.81666785990241,-33.38855777068903,7,0,0,0
525,0.0,0.0,0.0,75.10450762525906,-32.42983027037761,7,0,0,0
526,0.0,0.0,0.0,74.34021087602747,-31.512126015851848,7,0,0,0
527,0.0,0.0,0.0,73.5261359461307,-30.638276699222143,7,0,0,0
528,0.0,0.0,0.0,72.6647947663404,-29.810978692662154,7,0,0,0
529,0.0,0.0,0.0,71.758845113398,-29.03278472841275,7,0,0,0
530,0.0,0.0,0.0,70.81108240910957,-28.306096022005015,7,0,0,0
531,0.0,0.0,0.0,69.82443109471969,-27.633154863007174,7,0,0,0
532,0.0,0.0,0.0,68.80193560717943,-27.01603769615759,7,0,0,0
533,0.0,0.0,0.0,67.7467509851526,-26.45664871423289,7,0,0,0
534,0.0,0.0,0.0,66.66213313374638,-25.956713982421217,7,0,0,0
535,0.0,0.0,0.0,65.55142877800586,-25.51777611233061,7,0,0,0
536,0.0,0.0,0.0,64.41806513617219,-25.141189502066503,7,0,0,0
537,0.0,0.0,0.0,63.26553934456895,-24.82811615706573,7,0,0,0
538,0.0,0.0,0.0,62.09740766674726,-24.57952210458231,7,0,0,0
539,0.0,0.0,0.0,60.91727452018655,-24.396174412888666,7,0,0,0
540,0.0,0.0,0.0,59.72878135441029,-24.278638824389784,7,0,0,0
541,0.0,0.0,0.0,58.5355954148346,-24.227278009953753,7,0,0,0
542,0.0,0.0,0.0,57.341398427020465,-24.24225044984511,7,0,0,0
543,0.0,0.0,0.0,56.1498752362456,-24.323509944714008,7,0,0,0
544,0.0,0.0,0.0,54.964702437450065,-24.470805758150124,7,0,0,0
545,0.0,0.0,0.0,53.78953703063928,-24.68368339036146,7,0,0,0
546,0.0,0.0,0.0,52.62800513674976,-24.961485980590712,7,0,0,0
547,0.0,0.0,0.0,51.483690808796034,-25.303356333941906,7,0,0,0
548,0.0,0.0,0.0,50.360124972823485,-25.708239566363247,7,0,0,0
549,0.0,0.0,0.0,49.26077453279112,-26.1748863596248,7,0,0,0
550,0.0,0.0,0.0,48.189031673002575,-26.70185681624729,7,0,0,0
551,0.0,0.0,0.0,47.148203391094015,-27.287524902487203,7,0,0,0
552,0.0,0.0,0.0,46.141501293876246,-27.9300834656688,7,0,0,0
553,0.0,0.0,0.0,45.17203168751723,-28.62754981038139,7,0,0,0
554,0.0,0.0,0.0,44.24278599264299,-29.377771816335855,7,0,0,0
555,0.0,0.0,0.0,43.35663151393236,-30.17843457900296,7,0,0,0
556,0.0,0.0,0.0,42.516302592687076,-31.027067552542984,7,0,0,0
557,0.0,0.0,0.0,41.7243921696772,-31.92105217298618,7,0,0,0
558,0.0,0.0,0.0,40.98334378429563,-32.85762993814187,7,0,0,0
559,0.0,0.0,0.0,40.29544403470942,-33.8339109193045,7,0,0,0
560,0.0,0.0,0.0,39.662815522273014,-34.846882678492854,7,0,0,0
561,0.0,0.0,0.0,39.087410301974316,-35.89341956370696,7,0,0,0
562,0.0,0.0,0.0,38.57100385912305,-36.97029235352123,7,0,0,0
563,0.0,0.0,0.0,38.115189630867164,-38.074178221253995,7,0,0,0
564,0.0,0.0,0.0,37.72137408944167,-39.201670987967994,7,0,0,0
565,0.0,0.0,0.0,37.39077240232136,-40.3492916326646,7,0,0,0
566,0.0,0.0,0.0,37.12440468266852,-41.51349902724152,7,0,0,0
567,0.0,0.0,0.0,36.92309284164512,-42.690700863089745,7,0,0,0
568,0.0,0.0,0.0,36.78745805230244,-43.87726473561436,7,0,0,0
569,0.0,0.0,0.0,36.71791883287332,-45.06952935247667,7,0,0,0
570,0.0,0.0,0.0,36.714689755381436,-46.26381583097301,7,0,0,0
571,0.0,0.0,0.0,36.777780783552245,-47.45643904969089,7,0,0,0
572,0.0,0.0,0.0,36.90699724206871,-48.643719019415435,7,0,0,0
573,0.0,0.0,0.0,37.10194041726647,-49.8219922381998,7,0,0,0
574,0.0,0.0,0.0,37.36200878741513,-50.987622995562035,7,0,0,0
575,0.0,0.0,0.0,37.686399878789324,-52.137014590927905,7,0,0,0
576,0.0,0.0,0.0,38.07411274180253,-53.26662043170368,7,0,0,0
577,0.0,0.0,0.0,38.52395103956312,-54.372954976734476,7,0,0,0
578,0.0,0.0,0.0,39.03452673932261,-55.45260449138067,7,0,0,0
579,0.0,0.0,0.0,39.60426439542556,-56.502237581026264,7,0,0,0
580,0.0,0.0,0.0,40.23140601054569,-57.518615470516764,7,0,0,0
581,0.0,0.0,0.0,40.91401646020813,-58.49860199780797,7,0,0,0
582,0.0,0.0,0.0,41.649989463859825,-59.43917329098917,7,0,0,0
583,0.0,0.0,0.0,42.43705408406356,-60.337427098820896,7,0,0,0
584,0.0,0.0,0.0,43.27278173376156,-61.19059174599686,7,0,0,0
585,0.0,0.0,0.0,44.15459366998692,-61.99603468549732,7,0,0,0
586,0.0,0.0,0.0,45.0797689508999,-62.7512706216446,7,0,0,0
587,0.0,0.0,0.0,46.04545283159681,-63.45396917879609,7,0,0,0
588,0.0,0.0,0.0,47.04866557278519,-64.10196209201193,7,0,0,0
589,0.0,0.0,0.0,48.08631163514477,-64.69324989750965,7,0,0,0
590,0.0,0.0,0.0,49.15518923100412,-65.22600810226164,7,0,0,0
591,0.0,0.0,0.0,50.25200020385998,-65.69859281369828,7,0,0,0
592,0.0,0.0,0.0,51.37336020525464,-66.10954581214554,7,0,0,0
593,0.0,0.0,0.0,52.51580913760964,-66.45759905034564,7,0,0,0
594,0.0,0.0,0.0,53.675821830792756,-66.7416785661765,7,0,0,0
595,0.0,0.0,0.0,54.849818919474664,-66.96090779649731,7,0,0,0
596,0.0,0.0,0.0,56.03417788771165,-67.11461028189447,7,0,0,0
597,0.0,0.0,0.0,57.22524424667502,-67.2023117539824,7,0,0,0
598,0.0,0.0,0.0,58.419342811036834,-67.22374159881836,7,0,0,0
599,0.0,0.0,0.0,59.61278903921735,-67.1788336919159,7,0,0,0
600,0.0,0.0,0.0,60.80190040250227,-67.06772660228026,7,0,0,0
601,0.0,0.0,0.0,61.98300774794919,-66.8907631648363,7,0,0,0
602,0.0,0.0,0.0,63.15246662002123,-66.64848942256809,7,0,0,0
603,0.0,0.0,0.0,64.30666850601385,-66.34165294163449,7,0,0,0
604,0.0,0.0,0.0,65.44205197057549,-65.97120050465959,7,0,0,0
605,0.0,0.0,0.0,66.55511364496509,-65.53827518931561,7,0,0,0
606,0.0,0.0,0.0,67.64241903713774,-65.04421284121274,7,0,0,0
607,0.0,0.0,0.0,68.70061312930268,-64.49053795197912,7,0,0,0
608,0.0,0.0,0.0,69.72643073025344,-63.878958955249935,7,0,0,0
609,0.0,0.0,0.0,70.71670655052667,-63.21136295508006,7,0,0,0
610,0.0,0.0,0.0,71.66838496930168,-62.48980990304679,7,0,0,0
611,0.0,0.0,0.0,72.5785294629035,-61.71652624200969,7,0,0,0
612,0.0,0.0,0.0,73.4443316658166,-60.893898036140556,7,0,0,0
613,0.0,0.0,0.0,74.26312003625065,-60.024463608421826,7,0,0,0
614,0.0,0.0,0.0,75.03236809951929,-59.11090570833113,7,0,0,0
615,0.0,0.0,0.0,75.7497022437961,-58.156043233879814,7,0,0,0
616,0.0,0.0,0.0,76.41290904419301,-57.162822533547846,7,0,0,0
617,0.0,0.0,0.0,77.0199420925617,-56.13430831495441,7,0,0,0
618,0.0,0.0,0.0,77.56892831194372,-55.07367418831635,7,0,0,0
619,0.0,0.0,0.0,78.05817373618554,-53.98419287387397,7,0,0,0
620,0.0,0.0,0.0,78.48616873688448,-52.86922610350037,7,0,0,0
621,0.0,0.0,0.0,78.85159268153748,-51.732214247654134,7,0,0,0
622,0.0,0.0,0.0,79.15331800851894,-50.576665699682835,7,0,0,0
623,0.0,0.0,0.0,79.39041370631433,-49.40614605023326,7,0,0,0
624,0.0,0.0,0.0,79.56214818627345,-48.224267085172194,7,0,0,0
625,0.0,0.0,0.0,79.66799154001941,-47.03467564096605,7,0,0,0
626,0.0,0.0,0.0,79.70761717454769,-45.84104235190744,7,0,0,0
627,0.0,0.0,0.0,72.70793151855469,-45.72478103637695,7,0,0,0
628,0.0,0.0,0.0,72.68556073003649,-44.919639797308314,7,0,0,0
629,0.0,0.0,0.0,72.61851739236862,-44.116982922982636,7,0,0,0
630,0.0,0.0,0.0,72.5070083762171,-43.319287112322435,7,0,0,0
631,0.0,0.0,0.0,72.35137775670168,-42.52901375626318,7,0,0,0
632,0.0,0.0,0.0,72.15210575170872,-41.748601342821416,7,0,0,0
633,0.0,0.0,0.0,71.90980724011838,-40.98045793283275,7,0,0,0
634,0.0,0.0,0.0,71.62522986451843,-40.22695372957668,7,0,0,0
635,0.0,0.0,0.0,71.29925172425871,-39.4904137652158,7,0,0,0
636,0.0,0.0,0.0,70.93287866596509,-38.77311072661601,7,0,0,0
637,0.0,0.0,0.0,70.52724117987285,-38.0772579426849,7,0,0,0
638,0.0,0.0,0.0,70.08359091155664,-37.40500255486649,7,0,0,0
639,0.0,0.0,0.0,69.60329679982043,-36.758418891865766,7,0,0,0
640,0.0,0.0,0.0,69.08784085266424,-36.13950206904607,7,0,0,0
641,0.0,0.0,0.0,68.53881357436177,-35.55016183224929,7,0,0,0
642,0.0,0.0,0.0,67.95790905775901,-34.99221666503441,7,0,0,0
643,0.0,0.0,0.0,67.34691975693738,-34.46738817751738,7,0,0,0
644,0.0,0.0,0.0,66.70773095637078,-33.977295794126114,7,0,0,0
645,0.0,0.0,0.0,66.04231495364272,-33.52345175666245,7,0,0,0
646,0.0,0.0,0.0,65.3527249736737,-33.10725645808948,7,0,0,0
647,0.0,0.0,0.0,64.64108883323699,-32.72999412144259,7,0,0,0
648,0.0,0.0,0.0,63.90960237531187,-32.3928288371975,7,0,0,0
649,0.0,0.0,0.0,63.16052269353338,-32.09680097132244,7,0,0,0
650,0.0,0.0,0.0,62.396161167645566,-31.842823955097813,7,0,0,0
651,0.0,0.0,0.0,61.61887633144803,-31.631681466608917,7,0,0,0
652,0.0,0.0,0.0,60.831066595242696,-31.464025012608474,7,0,0,0
653,0.0,0.0,0.0,60.03516284523664,-31.340371918210433,7,0,0,0
654,0.0,0.0,0.0,59.23362094273637,-31.261103730618164,7,0,0,0
655,0.0,0.0,0.0,58.42891414627835,-31.226465041812467,7,0,0,0
656,0.0,0.0,0.0,57.623525480078115,-31.236562733832223,7,0,0,0
657,0.0,0.0,0.0,56.819940072346235,-31.29136564897636,7,0,0,0
658,0.0,0.0,0.0,56.02063748711203,-31.390704685944904,7,0,0,0
659,0.0,0.0,0.0,55.22808407321639,-31.534273321622315,7,0,0,0
660,0.0,0.0,0.0,54.4447253540816,-31.721628556893208,7,0,0,0
661,0.0,0.0,0.0,53.672978481740714,-31.952192283571918,7,0,0,0
662,0.0,0.0,0.0,52.91522477841038,-32.22525306822817,7,0,0,0
663,0.0,0.0,0.0,52.17380238862112,-32.53996834740457,7,0,0,0
664,0.0,0.0,0.0,51.45099906457768,-32.895367027452295,7,0,0,0
665,0.0,0.0,0.0,50.74904510701144,-33.29035248096294,7,0,0,0
666,0.0,0.0,0.0,50.07010648330644,-33.72370593055052,7,0,0,0
667,0.0,0.0,0.0,49.41627814413408,-34.194090209542736,7,0,0,0
668,0.0,0.0,0.0,48.7895775592189,-34.70005388797714,7,0,0,0
669,0.0,0.0,0.0,48.19193849218149,-35.240035751171234,7,0,0,0
670,0.0,0.0,0.0,47.62520503366723,-35.81236961704707,7,0,0,0
671,0.0,0.0,0.0,47.0911259111722,-36.415289477345965,7,0,0,0
672,0.0,0.0,0.0,46.59134909312416,-37.04693494686957,7,0,0,0
673,0.0,0.0,0.0,46.12741670386834,-37.70535700393274,7,0,0,0
674,0.0,0.0,0.0,45.70076026524844,-38.388524004315585,7,0,0,0
675,0.0,0.0,0.0,45.3126962794656,-39.094327950157655,7,0,0,0
676,0.0,0.0,0.0,44.96442216684498,-39.820590994450995,7,0,0,0
677,0.0,0.0,0.0,44.6570125710445,-40.56507216106147,7,0,0,0
678,0.0,0.0,0.0,44.39141604310637,-41.325474259543,7,0,0,0
679,0.0,0.0,0.0,44.168452114583374,-42.09945097340816,7,0,0,0
680,0.0,0.0,0.0,43.988808768770994,-42.88461409998329,7,0,0,0
681,0.0,0.0,0.0,43.85304031784823,-43.67854091950883,7,0,0,0
682,0.0,0.0,0.0,43.76156569247759,-44.478781670746365,7,0,0,0
683,0.0,0.0,0.0,43.714667149141675,-45.2828671100256,7,0,0,0
684,0.0,0.0,0.0,43.71248939920528,-46.08831613040685,7,0,0,0
685,0.0,0.0,0.0,43.75503916239025,-46.89264341744914,7,0,0,0
686,0.0,0.0,0.0,43.84218514604089,-47.693367117961046,7,0,0,0
687,0.0,0.0,0.0,43.97365845024403,-48.48801649807143,7,0,0,0
688,0.0,0.0,0.0,44.14905339755359,-49.274139566990144,7,0,0,0
689,0.0,0.0,0.0,44.36782878475944,-50.04931064293457,7,0,0,0
690,0.0,0.0,0.0,44.629309552838116,-50.81113783787637,7,0,0,0
691,0.0,0.0,0.0,44.93268886993247,-51.557270438013425,7,0,0,0
692,0.0,0.0,0.0,45.27703062093305,-52.285406157193414,7,0,0,0
693,0.0,0.0,0.0,45.66127229597923,-52.99329824090788,7,0,0,0
694,0.0,0.0,0.0,46.08422826896722,-53.67876239893636,7,0,0,0
695,0.0,0.0,0.0,46.54459345594887,-54.33968354524903,7,0,0,0
696,0.0,0.0,0.0,47.040947342132576,-54.974022324371234,7,0,0,0
697,0.0,0.0,0.0,47.571758365060674,-55.57982140407171,7,0,0,0
698,0.0,0.0,0.0,48.13538864043839,-56.15521151495783,7,0,0,0
699,0.0,0.0,0.0,48.73009901603224,-56.698417218341845,7,0,0,0
700,0.0,0.0,0.0,49.35405443804332,-57.20776238458072,7,0,0,0
701,0.0,0.0,0.0,50.00532961339705,-57.68167536498521,7,0,0,0
702,0.0,0.0,0.0,50.681914950477584,-58.118693841340075,7,0,0,0
703,0.0,0.0,0.0,51.3817227599759,-58.5174693380711,7,0,0,0
704,0.0,0.0,0.0,52.10259369671826,-58.8767713831364,7,0,0,0
705,0.0,0.0,0.0,52.84230342259779,-59.195491304802964,7,0,0,0
706,0.0,0.0,0.0,53.59856947005001,-59.47264565259299,7,0,0,0
707,0.0,0.0,0.0,54.36905828489407,-59.70737923184421,7,0,0,0
708,0.0,0.0,0.0,55.15139242680827,-59.89896774252084,7,0,0,0
709,0.0,0.0,0.0,55.943157905221646,-60.04682001413254,7,0,0,0
710,0.0,0.0,0.0,56.74191162798613,-60.15047982986552,7,0,0,0
711,0.0,0.0,0.0,57.54518893984514,-60.20962733429691,7,0,0,0
712,0.0,0.0,0.0,58.350511227438,-60.224080020349064,7,0,0,0
713,0.0,0.0,0.0,59.155393567373686,-60.1937932924381,7,0,0,0
714,0.0,0.0,0.0,59.95735239377515,-60.11886060407919,7,0,0,0
715,0.0,0.0,0.0,60.7539131616347,-59.99951316952396,7,0,0,0
716,0.0,0.0,0.0,61.54261798233445,-59.83611925031981,7,0,0,0
717,0.0,0.0,0.0,62.321033207771336,-59.6291830189925,7,0,0,0
718,0.0,0.0,0.0,63.086756939685,-59.379343003358265,7,0,0,0
719,0.0,0.0,0.0,63.83742644101752,-59.087370116265824,7,0,0,0
720,0.0,0.0,0.0,64.57072542643628,-58.7541652768476,7,0,0,0
721,0.0,0.0,0.0,65.28439120952427,-58.38075663062028,7,0,0,0
722,0.0,0.0,0.0,65.97622168458408,-57.96829637701222,7,0,0,0
723,0.0,0.0,0.0,66.64408212151254,-57.51805721410695,7,0,0,0
724,0.0,0.0,0.0,67.28591175277941,-57.03142841157289,7,0,0,0
725,0.0,0.0,0.0,67.89973013218528,-56.509911523896704,7,0,0,0
726,0.0,0.0,0.0,68.48364324577784,-55.95511575714775,7,0,0,0
727,0.0,0.0,0.0,69.03584935607057,-55.368753003570006,7,0,0,0
728,0.0,0.0,0.0,69.55464456153081,-54.7526325593228,7,0,0,0
729,0.0,0.0,0.0,70.03842805418262,-54.10865554166958,7,0,0,0
730,0.0,0.0,0.0,70.48570705910147,-53.43880902284104,7,0,0,0
731,0.0,0.0,0.0,70.89510144055942,-52.74515989867338,7,0,0,0
732,0.0,0.0,0.0,71.26534796060776,-52.02984851094073,7,0,0,0
733,0.0,0.0,0.0,71.59530417695689,-51.29508204306099,7,0,0,0
734,0.0,0.0,0.0,71.88395196812596,-50.54312770955321,7,0,0,0
735,0.0,0.0,0.0,72.13040067498494,-49.776305760261565,7,0,0,0
736,0.0,0.0,0.0,72.3338898489957,-48.996982320932084,7,0,0,0
737,0.0,0.0,0.0,72.49379159867166,-48.20756209223353,7,0,0,0
738,0.0,0.0,0.0,72.60961252701618,-47.41048092975049,7,0,0,0
739,0.0,0.0,0.0,72.68099525396113,-46.60819832784402,7,0,0,0
740,0.0,0.0,0.0,72.70771951910811,-45.80318983057193,7,0,0,0
741,0.0,0.0,0.0,-11.066879272460938,-35.958717346191406,7,0,0,0
742,0.0,0.0,0.0,-10.066879272460938,-35.958717346191406,7,0,0,0
743,0.0,0.0,0.0,-9.066879272460938,-35.958717346191406,7,0,0,0
744,0.0,0.0,0.0,-8.066879272460938,-35.958717346191406,7,0,0,0
745,0.0,0.0,0.0,-7.0668792724609375,-35.958717346191406,7,0,0,0
746,0.0,0.0,0.0,-6.0668792724609375,-35.958717346191406,7,0,0,0
747,0.0,0.0,0.0,-5.0668792724609375,-35.958717346191406,7,0,0,0
748,0.0,0.0,0.0,-4.0668792724609375,-35.958717346191406,7,0,0,0
749,0.0,0.0,0.0,-3.0668792724609375,-35.958717346191406,7,0,0,0
750,0.0,0.0,0.0,-2.0668792724609375,-35.958717346191406,7,0,0,0
751,0.0,0.0,0.0,-1.0668792724609375,-35.958717346191406,7,0,0,0
752,0.0,0.0,0.0,-0.0668792724609375,-35.958717346191406,7,0,0,0
753,0.0,0.0,0.0,0.9331207275390625,-35.958717346191406,7,0,0,0
754,0.0,0.0,0.0,1.9331207275390625,-35.958717346191406,7,0,0,0
755,0.0,0.0,0.0,2.9331207275390625,-35.958717346191406,7,0,0,0
756,0.0,0.0,0.0,3.9331207275390625,-35.958717346191406,7,0,0,0
757,0.0,0.0,0.0,4.9331207275390625,-35.958717346191406,7,0,0,0
758,0.0,0.0,0.0,5.9331207275390625,-35.958717346191406,7,0,0,0
759,0.0,0.0,0.0,6.9331207275390625,-35.958717346191406,7,0,0,0
760,0.0,0.0,0.0,7.9331207275390625,-35.958717346191406,7,0,0,0
761,0.0,0.0,0.0,8.933120727539062,-35.958717346191406,7,0,0,0
762,0.0,0.0,0.0,9.933120727539062,-35.958717346191406,7,0,0,0
763,0.0,0.0,0.0,10.933120727539062,-35.958717346191406,7,0,0,0
764,0.0,0.0,0.0,11.933120727539062,-35.958717346191406,7,0,0,0
765,0.0,0.0,0.0,12.933120727539062,-35.958717346191406,7,0,0,0
766,0.0,0.0,0.0,13.933120727539062,-35.958717346191406,7,0,0,0
767,0.0,0.0,0.0,14.933120727539062,-35.958717346191406,7,0,0,0
768,0.0,0.0,0.0,15.933120727539062,-35.958717346191406,7,0,0,0
769,0.0,0.0,0.0,16.933120727539062,-35.958717346191406,7,0,0,0
770,0.0,0.0,0.0,17.933120727539062,-35.958717346191406,7,0,0,0
771,0.0,0.0,0.0,18.933120727539062,-35.958717346191406,7,0,0,0
772,0.0,0.0,0.0,-11.066879272460938,-42.958717346191406,7,0,0,0
773,0.0,0.0,0.0,-10.066879272460938,-42.958717346191406,7,0,0,0
774,0.0,0.0,0.0,-9.066879272460938,-42.958717346191406,7,0,0,0
775,0.0,0.0,0.0,-8.066879272460938,-42.958717346191406,7,0,0,0
776,0.0,0.0,0.0,-7.0668792724609375,-42.958717346191406,7,0,0,0
777,0.0,0.0,0.0,-6.0668792724609375,-42.958717346191406,7,0,0,0
778,0.0,0.0,0.0,-5.0668792724609375,-42.958717346191406,7,0,0,0
779,0.0,0.0,0.0,-4.0668792724609375,-42.958717346191406,7,0,0,0
780,0.0,0.0,0.0,-3.0668792724609375,-42.958717346191406,7,0,0,0
781,0.0,0.0,0.0,-2.0668792724609375,-42.958717346191406,7,0,0,0
782,0.0,0.0,0.0,-1.0668792724609375,-42.958717346191406,7,0,0,0
783,0.0,0.0,0.0,-0.0668792724609375,-42.958717346191406,7,0,0,0
784,0.0,0.0,0.0,0.9331207275390625,-42.958717346191406,7,0,0,0
785,0.0,0.0,0.0,1.9331207275390625,-42.958717346191406,7,0,0,0
786,0.0,0.0,0.0,2.9331207275390625,-42.958717346191406,7,0,0,0
787,0.0,0.0,0.0,3.9331207275390625,-42.958717346191406,7,0,0,0
788,0.0,0.0,0.0,4.9331207275390625,-42.958717346191406,7,0,0,0
789,0.0,0.0,0.0,5.9331207275390625,-42.958717346191406,7,0,0,0
790,0.0,0.0,0.0,6.9331207275390625,-42.958717346191406,7,0,0,0
791,0.0,0.0,0.0,7.9331207275390625,-42.958717346191406,7,0,0,0
792,0.0,0.0,0.0,8.933120727539062,-42.958717346191406,7,0,0,0
793,0.0,0.0,0.0,9.933120727539062,-42.958717346191406,7,0,0,0
794,0.0,0.0,0.0,10.933120727539062,-42.958717346191406,7,0,0,0
795,0.0,0.0,0.0,11.933120727539062,-42.958717346191406,7,0,0,0
796,0.0,0.0,0.0,12.933120727539062,-42.958717346191406,7,0,0,0
797,0.0,0.0,0.0,13.933120727539062,-42.958717346191406,7,0,0,0
798,0.0,0.0,0.0,14.933120727539062,-42.958717346191406,7,0,0,0
799,0.0,0.0,0.0,15.933120727539062,-42.958717346191406,7,0,0,0
800,0.0,0.0,0.0,16.933120727539062,-42.958717346191406,7,0,0,0
801,0.0,0.0,0.0,17.933120727539062,-42.958717346191406,7,0,0,0
802,0.0,0.0,0.0,18.933120727539062,-42.958717346191406,7,0,0,0
803,0.0,0.0,0.0,98.29858684809776,-35.84652412893212,7,0,0,0
804,0.0,0.0,0.0,98.9825280393571,-35.11698698327143,7,0,0,0
805,0.0,0.0,0.0,99.66646923061646,-34.387449837610745,7,0,0,0
806,0.0,0.0,0.0,100.35041042187581,-33.65791269195006,7,0,0,0
807,0.0,0.0,0.0,101.03435161313516,-32.928375546289374,7,0,0,0
808,0.0,0.0,0.0,101.71829280439451,-32.19883840062869,7,0,0,0
809,0.0,0.0,0.0,102.40223399565386,-31.469301254968,7,0,0,0
810,0.0,0.0,0.0,103.08617518691321,-30.739764109307313,7,0,0,0
811,0.0,0.0,0.0,103.77011637817256,-30.010226963646627,7,0,0,0
812,0.0,0.0,0.0,104.45405756943191,-29.28068981798594,7,0,0,0
813,0.0,0.0,0.0,105.13799876069126,-28.551152672325255,7,0,0,0
814,0.0,0.0,0.0,105.82193995195061,-27.821615526664566,7,0,0,0
815,0.0,0.0,0.0,106.50588114320996,-27.09207838100388,7,0,0,0
816,0.0,0.0,0.0,107.1898223344693,-26.362541235343194,7,0,0,0
817,0.0,0.0,0.0,107.87376352572865,-25.633004089682508,7,0,0,0
818,0.0,0.0,0.0,108.557704716988,-24.903466944021822,7,0,0,0
819,0.0,0.0,0.0,109.24164590824735,-24.173929798361137,7,0,0,0
820,0.0,0.0,0.0,109.9255870995067,-23.44439265270045,7,0,0,0
821,0.0,0.0,0.0,110.60952829076605,-22.714855507039765,7,0,0,0
822,0.0,0.0,0.0,111.2934694820254,-21.98531836137908,7,0,0,0
823,0.0,0.0,0.0,111.97741067328475,-21.255781215718393,7,0,0,0
824,0.0,0.0,0.0,112.6613518645441,-20.526244070057707,7,0,0,0
825,0.0,0.0,0.0,113.34529305580345,-19.796706924397018,7,0,0,0
826,0.0,0.0,0.0,114.0292342470628,-19.067169778736332,7,0,0,0
827,0.0,0.0,0.0,114.71317543832215,-18.337632633075646,7,0,0,0
828,0.0,0.0,0.0,115.3971166295815,-17.60809548741496,7,0,0,0
829,0.0,0.0,0.0,116.08105782084085,-16.878558341754275,7,0,0,0
830,0.0,0.0,0.0,116.7649990121002,-16.14902119609359,7,0,0,0
831,0.0,0.0,0.0,117.44894020335956,-15.4194840504329,7,0,0,0
832,0.0,0.0,0.0,118.1328813946189,-14.689946904772214,7,0,0,0
833,0.0,0.0,0.0,118.81682258587824,-13.960409759111528,7,0,0,0
834,0.0,0.0,0.0,103.40534686772256,-40.63411246774757,7,0,0,0
835,0.0,0.0,0.0,104.08928805898191,-39.904575322086885,7,0,0,0
836,0.0,0.0,0.0,104.77322925024126,-39.1750381764262,7,0,0,0
837,0.0,0.0,0.0,105.45717044150061,-38.44550103076551,7,0,0,0
838,0.0,0.0,0.0,106.14111163275996,-37.71596388510483,7,0,0,0
839,0.0,0.0,0.0,106.82505282401931,-36.98642673944414,7,0,0,0
840,0.0,0.0,0.0,107.50899401527866,-36.256889593783455,7,0,0,0
841,0.0,0.0,0.0,108.19293520653801,-35.52735244812277,7,0,0,0
842,0.0,0.0,0.0,108.87687639779736,-34.797815302462084,7,0,0,0
843,0.0,0.0,0.0,109.56081758905671,-34.0682781568014,7,0,0,0
844,0.0,0.0,0.0,110.24475878031606,-33.338741011140705,7,0,0,0
845,0.0,0.0,0.0,110.92869997157541,-32.60920386548002,7,0,0,0
846,0.0,0.0,0.0,111.61264116283476,-31.879666719819333,7,0,0,0
847,0.0,0.0,0.0,112.2965823540941,-31.150129574158647,7,0,0,0
848,0.0,0.0,0.0,112.98052354535345,-30.42059242849796,7,0,0,0
849,0.0,0.0,0.0,113.6644647366128,-29.691055282837276,7,0,0,0
850,0.0,0.0,0.0,114.34840592787215,-28.96151813717659,7,0,0,0
851,0.0,0.0,0.0,115.0323471191315,-28.231980991515904,7,0,0,0
852,0.0,0.0,0.0,115.71628831039085,-27.50244384585522,7,0,0,0
853,0.0,0.0,0.0,116.4002295016502,-26.772906700194532,7,0,0,0
854,0.0,0.0,0.0,117.08417069290955,-26.043369554533847,7,0,0,0
855,0.0,0.0,0.0,117.7681118841689,-25.31383240887316,7,0,0,0
856,0.0,0.0,0.0,118.45205307542825,-24.58429526321247,7,0,0,0
857,0.0,0.0,0.0,119.1359942666876,-23.854758117551786,7,0,0,0
858,0.0,0.0,0.0,119.81993545794695,-23.1252209718911,7,0,0,0
859,0.0,0.0,0.0,120.5038766492063,-22.395683826230414,7,0,0,0
860,0.0,0.0,0.0,121.18781784046566,-21.666146680569728,7,0,0,0
861,0.0,0.0,0.0,121.871759031725,-20.936609534909042,7,0,0,0
862,0.0,0.0,0.0,122.55570022298436,-20.207072389248353,7,0,0,0
863,0.0,0.0,0.0,123.2396414142437,-19.477535243587667,7,0,0,0
864,0.0,0.0,0.0,123.92358260550304,-18.74799809792698,7,0,0,0
865,0.0,0.0,0.0,1.0715659492539335e-16,1.75,7,0,0,0
866,0.0,0.0,0.0,0.9990927830901739,1.7868776511682238,7,0,0,0
867,0.0,0.0,0.0,1.9927481900129953,1.8973099049331328,7,0,0,0
868,0.0,0.0,0.0,2.975558436506974,2.080695754346328,7,0,0,0
869,0.0,0.0,0.0,3.9421747610739164,2.3360371561190316,7,0,0,0
870,0.0,0.0,0.0,4.887336534615974,2.661944462286579,7,0,0,0
871,0.0,0.0,0.0,5.805899890428541,3.0566439831083176,7,0,0,0
872,0.0,0.0,0.0,6.692865718735593,3.517987640043293,7,0,0,0
873,0.0,0.0,0.0,7.543406873412453,4.043464656267135,7,0,0,0
874,0.0,0.0,0.0,8.352894442828417,4.630215221106736,7,0,0,0
875,0.0,0.0,0.0,9.116922941835153,5.275046054026555,7,0,0,0
876,0.0,0.0,0.0,9.831334287798105,5.974447783462473,7,0,0,0
877,0.0,0.0,0.0,10.492240430185863,6.724614045922129,7,0,0,0
878,0.0,0.0,0.0,11.09604451056015,7.521462201408427,7,0,0,0
879,0.0,0.0,0.0,11.63946043780716,8.36065555242643,7,0,0,0
880,0.0,0.0,0.0,12.119530772075688,9.237626945650781,7,0,0,0
881,0.0,0.0,0.0,12.533642820092,10.147603627806038,7,0,0,0
882,0.0,0.0,0.0,12.879542854255817,11.085633220486367,7,0,0,0
883,0.0,0.0,0.0,13.155348378132485,12.04661067255154,7,0,0,0
884,0.0,0.0,0.0,13.359558371588813,13.025306043415794,7,0,0,0
885,0.0,0.0,0.0,13.491061459815223,14.016392966024236,7,0,0,0
886,0.0,0.0,0.0,13.549141961775918,15.014477634612302,7,0,0,0
887,0.0,0.0,0.0,13.533483785169476,16.01412815948783,7,0,0,0
888,0.0,0.0,0.0,13.444172146702233,17.0099041290778,7,0,0,0
889,0.0,0.0,0.0,-1.0715659492539345e-16,-1.75,7,0,0,0
890,0.0,0.0,0.0,0.9994269224258233,-1.7206866665349843,7,0,0,0
891,0.0,0.0,0.0,1.9954177438606293,-1.6328474474696257,7,0,0,0
892,0.0,0.0,0.0,2.984548176873496,-1.4867843402996002,7,0,0,0
893,0.0,0.0,0.0,3.963417520537866,-1.2829995203976488,7,0,0,0
894,0.0,0.0,0.0,4.928660352283694,-1.0221936144988604,7,0,0,0
895,0.0,0.0,0.0,5.876958098460097,-0.7052632918960242,7,0,0,0
896,0.0,0.0,0.0,6.805050443828111,-0.33329818162668445,7,0,0,0
897,0.0,0.0,0.0,7.709746540756838,0.09242287374914682,7,0,0,0
898,0.0,0.0,0.0,8.587935979585025,0.5704362149008535,7,0,0,0
899,0.0,0.0,0.0,9.436599482431172,1.0990983978923197,7,0,0,0
900,0.0,0.0,0.0,10.252819283686057,1.6765918444593115,7,0,0,0
901,0.0,0.0,0.0,11.033789161498893,2.300931090973089,7,0,0,0
902,0.0,0.0,0.0,11.77682408576803,2.96996961460588,7,0,0,0
903,0.0,0.0,0.0,12.479369449465828,3.68140721322934,7,0,0,0
904,0.0,0.0,0.0,13.139009851559681,4.432797913673422,7,0,0,0
905,0.0,0.0,0.0,13.753477401332928,5.221558381156454,7,0,0,0
906,0.0,0.0,0.0,14.320659515554766,6.044976800974247,7,0,0,0
907,0.0,0.0,0.0,14.838606181691981,6.9002222019123245,7,0,0,0
908,0.0,0.0,0.0,15.305536662191,7.784354189326725,7,0,0,0
909,0.0,0.0,0.0,15.719845616780537,8.694333054430366,7,0,0,0
910,0.0,0.0,0.0,16.080108621745854,9.627030225028491,7,0,0,0
911,0.0,0.0,0.0,16.385087067199006,10.57923902177286,7,0,0,0
912,0.0,0.0,0.0,16.63373241550793,11.547685682953908,7,0,0,0
913,0.0,0.0,0.0,16.82518980624355,12.529040619926812,7,0,0,0
914,0.0,0.0,0.0,16.958800995250854,13.519929864474577,7,0,0,0
915,0.0,0.0,0.0,17.034106617739226,14.516946668751226,7,0,0,0
916,0.0,0.0,0.0,17.050847767611327,15.516663217923712,7,0,0,0
917,0.0,0.0,0.0,17.008966887600707,16.515642415243615,7,0,0,0
918,0.0,0.0,0.0,16.908607967157806,17.510449699030744,7,0,0,0
919,0.0,0.0,0.0,28.859237670898438,3.2238693237304688,7,0,0,0
920,0.0,0.0,0.0,29.85881337621224,3.198645267741277,7,0,0,0
921,0.0,0.0,0.0,30.855844609533047,3.1230373089213224,7,0,0,0
922,0.0,0.0,0.0,31.847793375953778,2.9972379112657137,7,0,0,0
923,0.0,0.0,0.0,32.83213461825143,2.821567303689953,7,0,0,0
924,0.0,0.0,0.0,33.80636264455169,2.5964726648705394,7,0,0,0
925,0.0,0.0,0.0,34.767997506698,2.3225269849283947,7,0,0,0
926,0.0,0.0,0.0,35.71459131308876,2.0004276068526536,7,0,0,0
927,0.0,0.0,0.0,36.64373445991277,1.6309944513777985,7,0,0,0
928,0.0,0.0,0.0,37.55306176492119,1.2151679298327558,7,0,0,0
929,0.0,0.0,0.0,38.44025848812208,0.7540065502748767,7,0,0,0
930,0.0,0.0,0.0,39.303066224071564,0.24868422300260562,7,0,0,0
931,0.0,0.0,0.0,40.1392886507624,-0.2995127276943208,7,0,0,0
932,0.0,0.0,0.0,40.94679712047606,-0.8891888379402992,7,0,0,0
933,0.0,0.0,0.0,41.72353607836626,-1.5188430564998132,7,0,0,0
934,0.0,0.0,0.0,42.46752829498081,-2.186872565781476,7,0,0,0
935,0.0,0.0,0.0,43.17687989940217,-2.891576861893663,7,0,0,0
936,0.0,0.0,0.0,43.84978520019442,-3.631162083365682,7,0,0,0
937,0.0,0.0,0.0,44.48453128188483,-4.403745577515535,7,0,0,0
938,0.0,0.0,0.0,45.07950236527935,-5.20736069284033,7,0,0,0
939,0.0,0.0,0.0,45.633183920512664,-6.039961785230048,7,0,0,0
940,0.0,0.0,0.0,46.14416652236281,-6.899429425261124,7,0,0,0
941,0.0,0.0,0.0,46.61114943801645,-7.783575793314373,7,0,0,0
942,0.0,0.0,0.0,47.03294393815196,-8.69015024878373,7,0,0,0
943,0.0,0.0,0.0,47.40847632291182,-9.616845059199061,7,0,0,0
944,0.0,0.0,0.0,47.736790655061434,-10.561301274679316,7,0,0,0
945,0.0,0.0,0.0,48.0170511933772,-11.521114732762232,7,0,0,0
946,0.0,0.0,0.0,48.24854452006925,-12.493842178325057,7,0,0,0
947,0.0,0.0,0.0,48.4306813568236,-13.477007483017633,7,0,0,0
948,0.0,0.0,0.0,48.562998064840755,-14.468107948376032,7,0,0,0
949,0.0,0.0,0.0,28.859237670898438,-0.27613067626953125,7,0,0,0
950,0.0,0.0,0.0,29.85861188497672,-0.3067618318048204,7,0,0,0
951,0.0,0.0,0.0,30.854234202900763,-0.39854030153260567,7,0,0,0
952,0.0,0.0,0.0,31.8423668140556,-0.5511215265451632,7,0,0,0
953,0.0,0.0,0.0,32.81930002602428,-0.7639326794638475,7,0,0,0
954,0.0,0.0,0.0,33.781366191683915,-1.0361748149737124,7,0,0,0
955,0.0,0.0,0.0,34.72495347845347,-1.366825869260369,7,0,0,0
956,0.0,0.0,0.0,35.64651942799997,-1.7546444970884725,7,0,0,0
957,0.0,0.0,0.0,36.54260425549679,-2.1981747321164917,7,0,0,0
958,0.0,0.0,0.0,37.40984383850531,-2.6957514529518054,7,0,0,0
959,0.0,0.0,0.0,38.244982346716455,-3.2455066344252224,7,0,0,0
960,0.0,0.0,0.0,39.04488446513704,-3.8453763606160702,7,0,0,0
961,0.0,0.0,0.0,39.80654716483195,-4.493108573299274,7,0,0,0
962,0.0,0.0,0.0,40.527110977032066,-5.186271526724834,7,0,0,0
963,0.0,0.0,0.0,41.203870728282055,-5.9222629169883785,7,0,0,0
964,0.0,0.0,0.0,41.83428569632564,-6.69831965171892,7,0,0,0
965,0.0,0.0,0.0,42.4159891486007,-7.511528223405962,7,0,0,0
966,0.0,0.0,0.0,42.94679722753443,-8.358835647422,7,0,0,0
967,0.0,0.0,0.0,43.42471714928077,-9.237060923676328,7,0,0,0
968,0.0,0.0,0.0,43.847954685120186,-10.142906978870357,7,0,0,0
969,0.0,0.0,0.0,44.21492089743485,-11.07297304452023,7,0,0,0
970,0.0,0.0,0.0,44.52423810497052,-12.023767424276626,7,0,0,0
971,0.0,0.0,0.0,44.77474505499018,-12.991720602610094,7,0,0,0
972,0.0,0.0,0.0,44.965501282901926,-13.973198645648699,7,0,0,0
973,0.0,0.0,0.0,71.85199737548828,-9.262321472167969,7,0,0,0
974,0.0,0.0,0.0,73.18004630456552,-9.244076392305583,7,0,0,0
975,0.0,0.0,0.0,74.496051023106,-9.189879049604667,7,0,0,0
976,0.0,0.0,0.0,75.79917409784748,-9.100535361749216,7,0,0,0
977,0.0,0.0,0.0,77.08858314152839,-8.976849542154278,7,0,0,0
978,0.0,0.0,0.0,78.36345058528485,-8.819623533684469,7,0,0,0
979,0.0,0.0,0.0,79.62295341750959,-8.62965646300053,7,0,0,0
980,0.0,0.0,0.0,80.86627289380182,-8.407744113440575,7,0,0,0
981,0.0,0.0,0.0,82.09259422149988,-8.154678413380497,7,0,0,0
982,0.0,0.0,0.0,83.30110622099039,-7.871246936251159,7,0,0,0
983,0.0,0.0,0.0,84.49100096455312,-7.558232407824385,7,0,0,0
984,0.0,0.0,0.0,85.66147339193367,-7.2164122160214506,7,0,0,0
985,0.0,0.0,0.0,86.81172090013402,-6.846557918358295,7,0,0,0
986,0.0,0.0,0.0,87.94094290307044,-6.449434742239741,7,0,0,0
987,0.0,0.0,0.0,89.0483403547448,-6.025801073681651,7,0,0,0
988,0.0,0.0,0.0,90.13311522739448,-5.576407930722736,7,0,0,0
989,0.0,0.0,0.0,91.19446993370002,-5.101998418855148,7,0,0,0
990,0.0,0.0,0.0,92.23160667951437,-4.60330716735033,7,0,0,0
991,0.0,0.0,0.0,93.2437267307233,-4.0810597475124535,7,0,0,0
992,0.0,0.0,0.0,94.2300295747504,-3.53597207682369,7,0,0,0
993,0.0,0.0,0.0,95.18971195391399,-2.9687498168684336,7,0,0,0
994,0.0,0.0,0.0,96.12196674440463,-2.380087778104339,7,0,0,0
995,0.0,0.0,0.0,97.02598165122785,-1.7706693513116198,7,0,0,0
996,0.0,0.0,0.0,97.9009376862986,-1.1411659942788668,7,0,0,0
997,0.0,0.0,0.0,98.74600739438182,-0.4922368134025431,7,0,0,0
998,0.0,0.0,0.0,99.56035279035146,0.17547170616046537,7,0,0,0
999,0.0,0.0,0.0,100.34312297216955,0.8613257509162202,7,0,0,0
1000,0.0,0.0,0.0,101.09345137829571,1.5647039183463642,7,0,0,0
1001,0.0,0.0,0.0,101.81045266760098,2.2849965289603285,7,0,0,0
1002,0.0,0.0,0.0,102.49321921644457,3.021604367229564,7,0,0,0
1003,0.0,0.0,0.0,103.14081725407956,3.773936677771488,7,0,0,0
1004,0.0,0.0,0.0,103.75228269711839,4.5414082136833125,7,0,0,0
1005,0.0,0.0,0.0,104.32661679973559,5.323435108861894,7,0,0,0
1006,0.0,0.0,0.0,104.8627818115639,6.119429331891391,7,0,0,0
1007,0.0,0.0,0.0,105.35969693145618,6.928791484884149,7,0,0,0
1008,0.0,0.0,0.0,105.81623496117912,7.750901748851311,7,0,0,0
1009,0.0,0.0,0.0,106.23122019243326,8.585108862735748,7,0,0,0
1010,0.0,0.0,0.0,106.6034281895999,9.430717172133317,7,0,0,0
1011,0.0,0.0,0.0,106.93158823554172,10.28697200942773,7,0,0,0
1012,0.0,0.0,0.0,107.21438925359563,11.153043974716438,7,0,0,0
1013,0.0,0.0,0.0,107.450489960767,12.028013065302728,7,0,0,0
1014,0.0,0.0,0.0,107.63853379689698,12.910854014194772,7,0,0,0
1015,0.0,0.0,0.0,107.77716877363392,13.800424576571562,7,0,0,0
1016,0.0,0.0,0.0,107.86507178564476,14.695458747791829,7,0,0,0
1017,0.0,0.0,0.0,107.9009761653802,15.594566889656155,7,0,0,0
1018,0.0,0.0,0.0,107.88370044855624,16.49624437767853,7,0,0,0
1019,0.0,0.0,0.0,107.81217562047199,17.398889610337477,7,0,0,0
1020,0.0,0.0,0.0,107.68546773638366,18.300831088869245,7,0,0,0
1021,0.0,0.0,0.0,107.50279292961467,19.200361950529267,7,0,0,0
1022,0.0,0.0,0.0,107.2635225191586,20.09577908771945,7,0,0,0
1023,0.0,0.0,0.0,106.96717713407496,20.985423112053883,7,0,0,0
1024,0.0,0.0,0.0,106.61341025974015,21.86771516491113,7,0,0,0
1025,0.0,0.0,0.0,106.2019830577636,22.74118702130439,7,0,0,0
1026,0.0,0.0,0.0,105.73273339712469,23.604501980294568,7,0,0,0
1027,0.0,0.0,0.0,105.20554254492079,24.456465425992118,7,0,0,0
1028,0.0,0.0,0.0,104.6203028529382,25.296025356226476,7,0,0,0
1029,0.0,0.0,0.0,103.97688915356638,26.122264327272667,7,0,0,0
1030,0.0,0.0,0.0,103.27513565905181,26.934384981645326,7,0,0,0
1031,0.0,0.0,0.0,71.85199737548828,-5.762321472167969,7,0,0,0
1032,0.0,0.0,0.0,73.08384310666814,-5.745398792881151,7,0,0,0
1033,0.0,0.0,0.0,74.30418458027445,-5.695141968204241,7,0,0,0
1034,0.0,0.0,0.0,75.51221619409363,-5.6123187455579,7,0,0,0
1035,0.0,0.0,0.0,76.7071272999115,-5.497698576631749,7,0,0,0
1036,0.0,0.0,0.0,77.88810243111604,-5.352053183665843,7,0,0,0
1037,0.0,0.0,0.0,79.05432156383887,-5.176157105104108,7,0,0,0
1038,0.0,0.0,0.0,80.20496040700483,-4.970788222713085,7,0,0,0
1039,0.0,0.0,0.0,81.33919071779984,-4.736728273221562,7,0,0,0
1040,0.0,0.0,0.0,82.45618064036151,-4.474763348303333,7,0,0,0
1041,0.0,0.0,0.0,83.55509506693416,-4.18568438729124,7,0,0,0
1042,0.0,0.0,0.0,84.63509602229652,-3.870287667368676,7,0,0,0
1043,0.0,0.0,0.0,85.69534307397066,-3.529375296124366,7,0,0,0
1044,0.0,0.0,0.0,86.73499377256456,-3.163755711258154,7,0,0,0
1045,0.0,0.0,0.0,87.75320412860069,-2.7742441918588527,7,0,0,0
1046,0.0,0.0,0.0,88.74912913436569,-2.361663384992403,7,0,0,0
1047,0.0,0.0,0.0,89.72192334170325,-1.9268438502713283,7,0,0,0
1048,0.0,0.0,0.0,90.67074150928467,-1.4706246235288494,7,0,0,0
1049,0.0,0.0,0.0,91.59473933574833,-0.9938537985654647,7,0,0,0
1050,0.0,0.0,0.0,92.49307429819481,-0.497389123003654,7,0,0,0
1051,0.0,0.0,0.0,93.36490661883005,0.017901399636293558,7,0,0,0
1052,0.0,0.0,0.0,94.20940038598772,0.5511389147073706,7,0,0,0
1053,0.0,0.0,0.0,95.02572485918645,1.1014331478851285,7,0,0,0
1054,0.0,0.0,0.0,95.81305599103537,1.6678818918534932,7,0,0,0
1055,0.0,0.0,0.0,96.57057820129387,2.2495705879042576,7,0,0,0
1056,0.0,0.0,0.0,97.29748643961219,2.8455720560896367,7,0,0,0
1057,0.0,0.0,0.0,97.99298857255248,3.454946444798909,7,0,0,0
1058,0.0,0.0,0.0,98.65630812617924,4.076741491445771,7,0,0,0
1059,0.0,0.0,0.0,99.2866874061457,4.709993210416118,7,0,0,0
1060,0.0,0.0,0.0,99.88339100061688,5.353727152133832,7,0,0,0
1061,0.0,0.0,0.0,100.44570964486385,6.006960406876839,7,0,0,0
1062,0.0,0.0,0.0,100.97296438679835,6.66870455644325,7,0,0,0
1063,0.0,0.0,0.0,101.46451093677005,7.337969801831546,7,0,0,0
1064,0.0,0.0,0.0,101.91974400967047,8.013770509352907,7,0,0,0
1065,0.0,0.0,0.0,102.33810137117082,8.695132411790313,7,0,0,0
1066,0.0,0.0,0.0,102.71906718402876,9.38110166302796,7,0,0,0
1067,0.0,0.0,0.0,103.06217412106784,10.070755859018309,7,0,0,0
1068,0.0,0.0,0.0,103.36700358243104,10.76321698906084,7,0,0,0
1069,0.0,0.0,0.0,103.63318324977975,11.45766605566717,7,0,0,0
1070,0.0,0.0,0.0,103.86038116430133,12.15335879363518,7,0,0,0
1071,0.0,0.0,0.0,104.04829557351464,12.849641540556922,7,0,0,0
1072,0.0,0.0,0.0,104.1966400021027,13.545965898319558,7,0,0,0
1073,0.0,0.0,0.0,104.30512340294132,14.24190044663943,7,0,0,0
1074,0.0,0.0,0.0,104.37342584588778,14.937137525053135,7,0,0,0
1075,0.0,0.0,0.0,104.40117096301563,15.631493106655435,7,0,0,0
1076,0.0,0.0,0.0,104.38789718313298,16.324898150827657,7,0,0,0
1077,0.0,0.0,0.0,104.33303048546496,17.01738059398663,7,0,0,0
1078,0.0,0.0,0.0,104.23586177927959,17.709038269791442,7,0,0,0
1079,0.0,0.0,0.0,104.09553189577757,18.400004375881966,7,0,0,0
1080,0.0,0.0,0.0,103.91102648048953,19.090408354751645,7,0,0,0
1081,0.0,0.0,0.0,103.68118186888019,19.780335929681737,7,0,0,0
1082,0.0,0.0,0.0,103.40470154009732,20.469792294188995,7,0,0,0
1083,0.0,0.0,0.0,103.08018129705577,21.158672008155555,7,0,0,0
1084,0.0,0.0,0.0,102.70614023530027,21.846738107415856,7,0,0,0
1085,0.0,0.0,0.0,102.28105405225766,22.533611542754766,7,0,0,0
1086,0.0,0.0,0.0,101.80338736066584,23.21877065123819,7,0,0,0
1087,0.0,0.0,0.0,101.27162229265953,23.901559211486422,7,0,0,0
1088,0.0,0.0,0.0,100.68428160051647,24.581200915880185,7,0,0,0
1089,0.0,0.0,0.0,77.95793151855469,-45.72478103637695,7,0,0,0
1090,0.0,0.0,0.0,77.9274609617799,-44.62812314178346,7,0,0,0
1091,0.0,0.0,0.0,77.8361433121978,-43.534849123305385,7,0,0,0
1092,0.0,0.0,0.0,77.68426034192245,-42.448332415682,7,0,0,0
1093,0.0,0.0,0.0,77.47228070499628,-41.37192560311854,7,0,0,0
1094,0.0,0.0,0.0,77.20085849129896,-40.3089500744651,7,0,0,0
1095,0.0,0.0,0.0,76.87083120827076,-39.262685774652944,7,0,0,0
1096,0.0,0.0,0.0,76.48321719667771,-38.236361084011065,7,0,0,0
1097,0.0,0.0,0.0,76.03921248839293,-37.23314285669193,7,0,0,0
1098,0.0,0.0,0.0,75.54018711588955,-36.25612664894394,7,0,0,0
1099,0.0,0.0,0.0,74.98768088483286,-35.30832716738261,7,0,0,0
1100,0.0,0.0,0.0,74.38339862281597,-34.392668966733396,7,0,0,0
1101,0.0,0.0,0.0,73.72920491889941,-33.51197742574965,7,0,0,0
1102,0.0,0.0,0.0,73.02711837018667,-32.6689700291504,7,0,0,0
1103,0.0,0.0,0.0,72.27930535318846,-31.86624798247893,7,0,0,0
1104,0.0,0.0,0.0,71.48807333919505,-31.10628818575522,7,0,0,0
1105,0.0,0.0,0.0,70.65586377428285,-30.391435590688907,7,0,0,0
1106,0.0,0.0,0.0,69.78524454592488,-29.72389596503529,7,0,0,0
1107,0.0,0.0,0.0,68.87890205945044,-29.105729086420993,7,0,0,0
1108,0.0,0.0,0.0,67.939632948803,-28.538842386640564,7,0,0,0
1109,0.0,0.0,0.0,66.9703354471737,-28.024985066035313,7,0,0,0
1110,0.0,0.0,0.0,65.97400044413774,-27.565742696115286,7,0,0,0
1111,0.0,0.0,0.0,64.95370225688774,-27.162532327078566,7,0,0,0
1112,0.0,0.0,0.0,63.91258914404054,-26.81659811532433,7,0,0,0
1113,0.0,0.0,0.0,62.85387359128872,-26.529007484451526,7,0,0,0
1114,0.0,0.0,0.0,61.780822398871116,-26.30064783158885,7,0,0,0
1115,0.0,0.0,0.0,60.69674660144907,-26.132223789219108,7,0,0,0
1116,0.0,0.0,0.0,59.60499125149181,-26.024255050946877,7,0,0,0
1117,0.0,0.0,0.0,58.50892509769554,-25.97707476791843,7,0,0,0
1118,0.0,0.0,0.0,57.41193019028488,-25.990828520841887,7,0,0,0
1119,0.0,0.0,0.0,56.31739144527076,-26.065473870779595,7,0,0,0
1120,0.0,0.0,0.0,55.22868619986556,-26.20078049009882,7,0,0,0
1121,0.0,0.0,0.0,54.14917379128356,-26.396330873176673,7,0,0,0
1122,0.0,0.0,0.0,53.08218519108272,-26.651521624666337,7,0,0,0
1123,0.0,0.0,0.0,52.031012727032206,-26.96556532134941,7,0,0,0
1124,0.0,0.0,0.0,50.99889992422021,-27.337492941829478,7,0,0,0
1125,0.0,0.0,0.0,49.989031496748616,-27.766156856569744,7,0,0,0
1126,0.0,0.0,0.0,49.00452352089635,-28.250234369048542,7,0,0,0
1127,0.0,0.0,0.0,48.04841382007337,-28.788231797106135,7,0,0,0
1128,0.0,0.0,0.0,47.1236525912338,-29.37848908188923,7,0,0,0
1129,0.0,0.0,0.0,46.233093301671445,-30.019184910171727,7,0,0,0
1130,0.0,0.0,0.0,45.37948388428697,-30.708342334246176,7,0,0,0
1131,0.0,0.0,0.0,44.565458258494644,-31.44383487204503,7,0,0,0
1132,0.0,0.0,0.0,43.79352820293211,-32.223393068669004,7,0,0,0
1133,0.0,0.0,0.0,43.06607560505095,-33.044611499076126,7,0,0,0
1134,0.0,0.0,0.0,42.38534511150276,-33.90495619032379,7,0,0,0
1135,0.0,0.0,0.0,41.75343720199915,-34.80177244046156,7,0,0,0
1136,0.0,0.0,0.0,41.172301708016874,-35.732293009948535,7,0,0,0
1137,0.0,0.0,0.0,40.64373179634714,-36.69364666031964,7,0,0,0
1138,0.0,0.0,0.0,40.16935843605354,-37.68286701375367,7,0,0,0
1139,0.0,0.0,0.0,39.750645365911495,-38.696901706205864,7,0,0,0
1140,0.0,0.0,0.0,39.38888457785784,-39.73262180586175,7,0,0,0
1141,0.0,0.0,0.0,39.08519233038687,-40.78683146785049,7,0,0,0
1142,0.0,0.0,0.0,38.840505704194136,-41.85627779542696,7,0,0,0
1143,0.0,0.0,0.0,38.6555797106959,-42.93766087719452,7,0,0,0
1144,0.0,0.0,0.0,38.53098496234623,-44.02764396939736,7,0,0,0
1145,0.0,0.0,0.0,38.467105911940415,-45.1228637918639,7,0,0,0
1146,0.0,0.0,0.0,38.4641396663374,-46.21994090583147,7,0,0,0
1147,0.0,0.0,0.0,38.52209537826175,-47.315490141630455,7,0,0,0
1148,0.0,0.0,0.0,38.64079421806176,-48.40613104405184,7,0,0,0
1149,0.0,0.0,0.0,38.81986992551086,-49.4884983031677,7,0,0,0
1150,0.0,0.0,0.0,39.05876993994974,-50.55925213841906,7,0,0,0
1151,0.0,0.0,0.0,39.35675710528186,-51.61508860392957,7,0,0,0
1152,0.0,0.0,0.0,39.71291194456143,-52.652749783246854,7,0,0,0
1153,0.0,0.0,0.0,40.12613549715546,-53.66903384205421,7,0,0,0
1154,0.0,0.0,0.0,40.59515270972521,-54.66080490783386,7,0,0,0
1155,0.0,0.0,0.0,41.118516370563974,-55.62500274599667,7,0,0,0
1156,0.0,0.0,0.0,41.69461157515107,-56.55865220262166,7,0,0,0
1157,0.0,0.0,0.0,42.321660709143316,-57.45887238466823,7,0,0,0
1158,0.0,0.0,0.0,42.997728933428014,-58.322885549334686,7,0,0,0
1159,0.0,0.0,0.0,43.72073015431284,-59.148025675133596,7,0,0,0
1160,0.0,0.0,0.0,44.48843346043077,-59.931746688237105,7,0,0,0
1161,0.0,0.0,0.0,45.29847000649825,-60.67163031870845,7,0,0,0
1162,0.0,0.0,0.0,46.148340322685755,-61.36539356237863,7,0,0,0
1163,0.0,0.0,0.0,47.03542202704687,-62.010895725343374,7,0,0,0
1164,0.0,0.0,0.0,47.95697791720829,-62.60614502934397,7,0,0,0
1165,0.0,0.0,0.0,48.91016441635255,-63.149304757650015,7,0,0,0
1166,0.0,0.0,0.0,49.892040347432655,-63.63869892248033,7,0,0,0
1167,0.0,0.0,0.0,50.89957600854443,-64.07281743647445,7,0,0,0
1168,0.0,0.0,0.0,51.92966252145348,-64.45032077225741,7,0,0,0
1169,0.0,0.0,0.0,52.97912142443075,-64.77004409572028,7,0,0,0
1170,0.0,0.0,0.0,54.04471447979663,-65.0310008602626,7,0,0,0
1171,0.0,0.0,0.0,55.12315366591141,-65.23238585090613,7,0,0,0
1172,0.0,0.0,0.0,56.21111132278027,-65.37357766888724,7,0,0,0
1173,0.0,0.0,0.0,57.30523041996755,-65.45414064906103,7,0,0,0
1174,0.0,0.0,0.0,58.402134915137125,-65.47382620420103,7,0,0,0
1175,0.0,0.0,0.0,59.498440171256426,-65.43257359204645,7,0,0,0
1176,0.0,0.0,0.0,60.59076340032049,-65.33051010272999,7,0,0,0
1177,0.0,0.0,0.0,61.675734101370566,-65.16795066600821,7,0,0,0
1178,0.0,0.0,0.0,62.750004460599534,-64.94539687950602,7,0,0,0
1179,0.0,0.0,0.0,63.81025968145322,-64.66353546097399,7,0,0,0
1180,0.0,0.0,0.0,64.85322821285287,-64.32323612933426,7,0,0,0
1181,0.0,0.0,0.0,65.8756918439782,-63.92554892105317,7,0,0,0
1182,0.0,0.0,0.0,66.87449563446238,-63.47170095012146,7,0,0,0
1183,0.0,0.0,0.0,67.84655764935808,-62.96309262163942,7,0,0,0
1184,0.0,0.0,0.0,68.78887846883609,-62.401293310690505,7,0,0,0
1185,0.0,0.0,0.0,69.69855044327313,-61.78803651983678,7,0,0,0
1186,0.0,0.0,0.0,70.57276666517112,-61.12521453017832,7,0,0,0
1187,0.0,0.0,0.0,71.40882963022395,-60.41487256248145,7,0,0,0
1188,0.0,0.0,0.0,72.20415956080691,-59.65920246639236,7,0,0,0
1189,0.0,0.0,0.0,72.95630236620563,-58.86053595720887,7,0,0,0
1190,0.0,0.0,0.0,73.66293721502217,-58.02133742107905,7,0,0,0
1191,0.0,0.0,0.0,74.32188369639272,-57.144196310827255,7,0,0,0
1192,0.0,0.0,0.0,74.93110854792013,-56.23181915587114,7,0,0,0
1193,0.0,0.0,0.0,75.48873192956114,-55.287021210884156,7,0,0,0
1194,0.0,0.0,0.0,75.99303322410974,-54.31271776897245,7,0,0,0
1195,0.0,0.0,0.0,76.44245634637838,-53.31191516617073,7,0,0,0
1196,0.0,0.0,0.0,76.83561454469485,-52.28770150501358,7,0,0,0
1197,0.0,0.0,0.0,77.17129467989935,-51.24323712580599,7,0,0,0
1198,0.0,0.0,0.0,77.44846096863813,-50.18174485499515,7,0,0,0
1199,0.0,0.0,0.0,77.66625817940367,-49.10650006073333,7,0,0,0
1200,0.0,0.0,0.0,77.82401427145913,-48.02082054631677,7,0,0,0
1201,0.0,0.0,0.0,77.92124246850483,-46.92805631268554,7,0,0,0
1202,0.0,0.0,0.0,77.95764276068779,-45.83157922157356,7,0,0,0
1203,0.0,0.0,0.0,74.45793151855469,-45.72478103637695,7,0,0,0
1204,0.0,0.0,0.0,74.43286080728429,-44.82246757880003,7,0,0,0
1205,0.0,0.0,0.0,74.35772603231169,-43.922938323090214,7,0,0,0
1206,0.0,0.0,0.0,74.23275903145222,-43.02896888010896,7,0,0,0
1207,0.0,0.0,0.0,74.05834540613321,-42.14331770521497,7,0,0,0
1208,0.0,0.0,0.0,73.83502333157213,-41.26871758670264,7,0,0,0
1209,0.0,0.0,0.0,73.56348189616918,-40.40786721343948,7,0,0,0
1210,0.0,0.0,0.0,73.24455897523819,-39.563422847721476,7,0,0,0
1211,0.0,0.0,0.0,72.87923864563679,-38.73799012904117,7,0,0,0
1212,0.0,0.0,0.0,72.46864814927324,-37.934116034058654,7,0,0,0
1213,0.0,0.0,0.0,72.01405441485952,-37.15428101758414,7,0,0,0
1214,0.0,0.0,0.0,71.51686014864308,-36.40089135882213,7,0,0,0
1215,0.0,0.0,0.0,70.97859950618009,-35.676271736493725,7,0,0,0
1216,0.0,0.0,0.0,70.40093335850504,-34.982658055747514,7,0,0,0
1217,0.0,0.0,0.0,69.78564416730399,-34.3221905489925,7,0,0,0
1218,0.0,0.0,0.0,69.13463048490436,-33.69690717194135,7,0,0,0
1219,0.0,0.0,0.0,68.44990109605254,-33.10873731524122,7,0,0,0
1220,0.0,0.0,0.0,67.73356881955547,-32.55949585109584,7,0,0,0
1221,0.0,0.0,0.0,66.98784398891195,-32.05087753324863,7,0,0,0
1222,0.0,0.0,0.0,66.21502763205012,-31.584451767606502,7,0,0,0
1223,0.0,0.0,0.0,65.4175043712159,-31.16165776964016,7,0,0,0
1224,0.0,0.0,0.0,64.5977350649205,-30.783800123503433,7,0,0,0
1225,0.0,0.0,0.0,63.7582492146515,-30.45204475657448,7,0,0,0
1226,0.0,0.0,0.0,62.90163715977722,-30.167415341839984,7,0,0,0
1227,0.0,0.0,0.0,62.03054208472826,-29.93079013922312,7,0,0,0
1228,0.0,0.0,0.0,61.14765186311884,-29.742899285601933,7,0,0,0
1229,0.0,0.0,0.0,60.25569076397412,-29.60432254187999,7,0,0,0
1230,0.0,0.0,0.0,59.35741104565485,-29.515487504061067,7,0,0,0
1231,0.0,0.0,0.0,58.45558446341741,-29.47666828384779,7,0,0,0
1232,0.0,0.0,0.0,57.5529937168137,-29.487984662835444,7,0,0,0
1233,0.0,0.0,0.0,56.652423863321076,-29.549401722910773,7,0,0,0
1234,0.0,0.0,0.0,55.75665372469654,-29.66072995399621,7,0,0,0
1235,0.0,0.0,0.0,54.868447312572115,-29.8216258388071,7,0,0,0
1236,0.0,0.0,0.0,53.99054529974864,-30.031592912817587,7,0,0,0
1237,0.0,0.0,0.0,53.12565656350454,-30.289983296164415,7,0,0,0
1238,0.0,0.0,0.0,52.276449827013664,-30.595999692761943,7,0,0,0
1239,0.0,0.0,0.0,51.44554542466362,-30.94869785045963,7,0,0,0
1240,0.0,0.0,0.0,50.635507216683905,-31.346989474651046,7,0,0,0
1241,0.0,0.0,0.0,49.848834678032084,-31.789645586344,7,0,0,0
1242,0.0,0.0,0.0,49.08795518594889,-32.275300314330096,7,0,0,0
1243,0.0,0.0,0.0,48.35521652997987,-32.8024551097524,7,0,0,0
1244,0.0,0.0,0.0,47.65287966757492,-33.36948337006682,7,0,0,0
1245,0.0,0.0,0.0,46.983111747619205,-33.97463545812917,7,0,0,0
1246,0.0,0.0,0.0,46.34797942342219,-34.616044100921044,7,0,0,0
1247,0.0,0.0,0.0,45.749442475798446,-35.29173015125602,7,0,0,0
1248,0.0,0.0,0.0,45.18934776591703,-35.999608694687645,7,0,0,0
1249,0.0,0.0,0.0,44.66942353657861,-36.73749548277568,7,0,0,0
1250,0.0,0.0,0.0,44.19127407950459,-37.5031136728599,7,0,0,0
1251,0.0,0.0,0.0,43.756374785092774,-38.29410085354498,7,0,0,0
1252,0.0,0.0,0.0,43.3660675899145,-39.108016334218554,7,0,0,0
1253,0.0,0.0,0.0,43.021556836000165,-39.9423486761096,7,0,0,0
1254,0.0,0.0,0.0,42.72390555469019,-40.794523441649254,7,0,0,0
1255,0.0,0.0,0.0,42.474032186517874,-41.661911138222266,7,0,0,0
1256,0.0,0.0,0.0,42.27270774724538,-42.54183533179785,7,0,0,0
1257,0.0,0.0,0.0,42.12055344879745,-43.43158090540406,7,0,0,0
1258,0.0,0.0,0.0,42.018038782433806,-44.328402436963366,7,0,0,0
1259,0.0,0.0,0.0,41.96548007007459,-45.22953267063836,7,0,0,0
1260,0.0,0.0,0.0,41.96303948824932,-46.13219105554839,7,0,0,0
1261,0.0,0.0,0.0,42.010724567680754,-47.03359232550958,7,0,0,0
1262,0.0,0.0,0.0,42.108388170047846,-47.93095509332464,7,0,0,0
1263,0.0,0.0,0.0,42.255728941999635,-48.82151043310352,7,0,0,0
1264,0.0,0.0,0.0,42.452292245018974,-49.702510424133116,7,0,0,0
1265,0.0,0.0,0.0,42.69747155826691,-50.571236629932905,7,0,0,0
1266,0.0,0.0,0.0,42.99051035007922,-51.4250084863332,7,0,0,0
1267,0.0,0.0,0.0,43.33050441234013,-52.26119157269369,7,0,0,0
1268,0.0,0.0,0.0,43.71640465053044,-53.077205740740226,7,0,0,0
1269,0.0,0.0,0.0,44.14702032084081,-53.87053307593748,7,0,0,0
1270,0.0,0.0,0.0,44.62102270436184,-54.63872566683146,7,0,0,0
1271,0.0,0.0,0.0,45.136949207013686,-55.379413158388765,7,0,0,0
1272,0.0,0.0,0.0,45.693207872564386,-56.09031006602572,7,0,0,0
1273,0.0,0.0,0.0,46.28808229481139,-56.76922282775901,7,0,0,0
1274,0.0,0.0,0.0,46.919736913769185,-57.414056572717584,7,0,0,0
1275,0.0,0.0,0.0,47.586222679520915,-58.022821585130714,7,0,0,0
1276,0.0,0.0,0.0,48.28548306625746,-58.59363944384668,7,0,0,0
1277,0.0,0.0,0.0,49.015360417946994,-59.12474881843793,7,0,0,0
1278,0.0,0.0,0.0,49.77360260605449,-59.61451090400804,7,0,0,0
1279,0.0,0.0,0.0,50.55786997876812,-60.06141447793074,7,0,0,0
1280,0.0,0.0,0.0,51.36574258028973,-60.46408056291771,7,0,0,0
1281,0.0,0.0,0.0,52.19472761791334,-60.82126668202679,7,0,0,0
1282,0.0,0.0,0.0,53.042267153851164,-61.13187069248112,7,0,0,0
1283,0.0,0.0,0.0,53.905745998072966,-61.39493418646956,7,0,0,0
1284,0.0,0.0,0.0,54.78249977780439,-61.609645448434755,7,0,0,0
1285,0.0,0.0,0.0,55.6698231587849,-61.77534195972373,7,0,0,0
1286,0.0,0.0,0.0,56.56497819291751,-61.89151244287275,7,0,0,0
1287,0.0,0.0,0.0,57.46520276655261,-61.95779843921828,7,0,0,0
1288,0.0,0.0,0.0,58.36771912333771,-61.97399541496639,7,0,0,0
1289,0.0,0.0,0.0,59.2697424353346,-61.94005339230755,7,0,0,0
1290,0.0,0.0,0.0,60.16848939595693,-61.85607710362945,7,0,0,0
1291,0.0,0.0,0.0,61.06118680821332,-61.72232566835204,7,0,0,0
1292,0.0,0.0,0.0,61.945080141756144,-61.53921179338188,7,0,0,0
1293,0.0,0.0,0.0,62.81744203233196,-61.307300499652996,7,0,0,0
1294,0.0,0.0,0.0,63.675580697407625,-61.0273073786836,7,0,0,0
1295,0.0,0.0,0.0,64.51684824200441,-60.70009638452827,7,0,0,0
1296,0.0,0.0,0.0,65.33864882911165,-60.32667716793888,7,0,0,0
1297,0.0,0.0,0.0,66.13844668946886,-59.90820196095999,7,0,0,0
1298,0.0,0.0,0.0,66.91377394600141,-59.445962021571646,7,0,0,0
1299,0.0,0.0,0.0,67.66223822876607,-58.94138364935023,7,0,0,0
1300,0.0,0.0,0.0,68.38153005690998,-58.39602378444137,7,0,0,0
1301,0.0,0.0,0.0,69.06942996486484,-57.81156520342495,7,0,0,0
1302,0.0,0.0,0.0,69.72381535078753,-57.18981132689595,7,0,0,0
1303,0.0,0.0,0.0,70.34266702611559,-56.53268065478296,7,0,0,0
1304,0.0,0.0,0.0,70.92407544602793,-55.84220084657488,7,0,0,0
1305,0.0,0.0,0.0,71.46624660158598,-55.120502464722136,7,0,0,0
1306,0.0,0.0,0.0,71.96750755537435,-54.369812400517745,7,0,0,0
1307,0.0,0.0,0.0,72.42631160356,-53.59244700274364,7,0,0,0
1308,0.0,0.0,0.0,72.84124304844175,-52.79080493028464,7,0,0,0
1309,0.0,0.0,0.0,73.21102156676405,-51.96735975076424,7,0,0,0
1310,0.0,0.0,0.0,73.53450616031559,-51.12465230804,7,0,0,0
1311,0.0,0.0,0.0,73.81069867662308,-50.26528288210971,7,0,0,0
1312,0.0,0.0,0.0,74.03874688887652,-49.39190316561977,7,0,0,0
1313,0.0,0.0,0.0,74.21794712558233,-48.50720808173347,7,0,0,0
1314,0.0,0.0,0.0,74.3477464418305,-47.613927468605915,7,0,0,0
1315,0.0,0.0,0.0,74.4277443254757,-46.71481765612453,7,0,0,0
1316,0.0,0.0,0.0,74.457693932968,-45.81265296090581,7,0,0,0
1317,0.0,0.0,0.0,-11.066879272460938,-37.708717346191406,7,0,0,0
1318,0.0,0.0,0.0,-10.066879272460938,-37.708717346191406,7,0,0,0
1319,0.0,0.0,0.0,-9.066879272460938,-37.708717346191406,7,0,0,0
1320,0.0,0.0,0.0,-8.066879272460938,-37.708717346191406,7,0,0,0
1321,0.0,0.0,0.0,-7.0668792724609375,-37.708717346191406,7,0,0,0
1322,0.0,0.0,0.0,-6.0668792724609375,-37.708717346191406,7,0,0,0
1323,0.0,0.0,0.0,-5.0668792724609375,-37.708717346191406,7,0,0,0
1324,0.0,0.0,0.0,-4.0668792724609375,-37.708717346191406,7,0,0,0
1325,0.0,0.0,0.0,-3.0668792724609375,-37.708717346191406,7,0,0,0
1326,0.0,0.0,0.0,-2.0668792724609375,-37.708717346191406,7,0,0,0
1327,0.0,0.0,0.0,-1.0668792724609375,-37.708717346191406,7,0,0,0
1328,0.0,0.0,0.0,-0.0668792724609375,-37.708717346191406,7,0,0,0
1329,0.0,0.0,0.0,0.9331207275390625,-37.708717346191406,7,0,0,0
1330,0.0,0.0,0.0,1.9331207275390625,-37.708717346191406,7,0,0,0
1331,0.0,0.0,0.0,2.9331207275390625,-37.708717346191406,7,0,0,0
1332,0.0,0.0,0.0,3.9331207275390625,-37.708717346191406,7,0,0,0
1333,0.0,0.0,0.0,4.9331207275390625,-37.708717346191406,7,0,0,0
1334,0.0,0.0,0.0,5.9331207275390625,-37.708717346191406,7,0,0,0
1335,0.0,0.0,0.0,6.9331207275390625,-37.708717346191406,7,0,0,0
1336,0.0,0.0,0.0,7.9331207275390625,-37.708717346191406,7,0,0,0
1337,0.0,0.0,0.0,8.933120727539062,-37.708717346191406,7,0,0,0
1338,0.0,0.0,0.0,9.933120727539062,-37.708717346191406,7,0,0,0
1339,0.0,0.0,0.0,10.933120727539062,-37.708717346191406,7,0,0,0
1340,0.0,0.0,0.0,11.933120727539062,-37.708717346191406,7,0,0,0
1341,0.0,0.0,0.0,12.933120727539062,-37.708717346191406,7,0,0,0
1342,0.0,0.0,0.0,13.933120727539062,-37.708717346191406,7,0,0,0
1343,0.0,0.0,0.0,14.933120727539062,-37.708717346191406,7,0,0,0
1344,0.0,0.0,0.0,15.933120727539062,-37.708717346191406,7,0,0,0
1345,0.0,0.0,0.0,16.933120727539062,-37.708717346191406,7,0,0,0
1346,0.0,0.0,0.0,17.933120727539062,-37.708717346191406,7,0,0,0
1347,0.0,0.0,0.0,18.933120727539062,-37.708717346191406,7,0,0,0
1348,0.0,0.0,0.0,-11.066879272460938,-41.208717346191406,7,0,0,0
1349,0.0,0.0,0.0,-10.066879272460938,-41.208717346191406,7,0,0,0
1350,0.0,0.0,0.0,-9.066879272460938,-41.208717346191406,7,0,0,0
1351,0.0,0.0,0.0,-8.066879272460938,-41.208717346191406,7,0,0,0
1352,0.0,0.0,0.0,-7.0668792724609375,-41.208717346191406,7,0,0,0
1353,0.0,0.0,0.0,-6.0668792724609375,-41.208717346191406,7,0,0,0
1354,0.0,0.0,0.0,-5.0668792724609375,-41.208717346191406,7,0,0,0
1355,0.0,0.0,0.0,-4.0668792724609375,-41.208717346191406,7,0,0,0
1356,0.0,0.0,0.0,-3.0668792724609375,-41.208717346191406,7,0,0,0
1357,0.0,0.0,0.0,-2.0668792724609375,-41.208717346191406,7,0,0,0
1358,0.0,0.0,0.0,-1.0668792724609375,-41.208717346191406,7,0,0,0
1359,0.0,0.0,0.0,-0.0668792724609375,-41.208717346191406,7,0,0,0
1360,0.0,0.0,0.0,0.9331207275390625,-41.208717346191406,7,0,0,0
1361,0.0,0.0,0.0,1.9331207275390625,-41.208717346191406,7,0,0,0
1362,0.0,0.0,0.0,2.9331207275390625,-41.208717346191406,7,0,0,0
1363,0.0,0.0,0.0,3.9331207275390625,-41.208717346191406,7,0,0,0
1364,0.0,0.0,0.0,4.9331207275390625,-41.208717346191406,7,0,0,0
1365,0.0,0.0,0.0,5.9331207275390625,-41.208717346191406,7,0,0,0
1366,0.0,0.0,0.0,6.9331207275390625,-41.208717346191406,7,0,0,0
1367,0.0,0.0,0.0,7.9331207275390625,-41.208717346191406,7,0,0,0
1368,0.0,0.0,0.0,8.933120727539062,-41.208717346191406,7,0,0,0
1369,0.0,0.0,0.0,9.933120727539062,-41.208717346191406,7,0,0,0
1370,0.0,0.0,0.0,10.933120727539062,-41.208717346191406,7,0,0,0
1371,0.0,0.0,0.0,11.933120727539062,-41.208717346191406,7,0,0,0
1372,0.0,0.0,0.0,12.933120727539062,-41.208717346191406,7,0,0,0
1373,0.0,0.0,0.0,13.933120727539062,-41.208717346191406,7,0,0,0
1374,0.0,0.0,0.0,14.933120727539062,-41.208717346191406,7,0,0,0
1375,0.0,0.0,0.0,15.933120727539062,-41.208717346191406,7,0,0,0
1376,0.0,0.0,0.0,16.933120727539062,-41.208717346191406,7,0,0,0
1377,0.0,0.0,0.0,17.933120727539062,-41.208717346191406,7,0,0,0
1378,0.0,0.0,0.0,18.933120727539062,-41.208717346191406,7,0,0,0
1379,0.0,0.0,0.0,99.57527685300396,-37.04342121363598,7,0,0,0
1380,0.0,0.0,0.0,100.2592180442633,-36.313884067975295,7,0,0,0
1381,0.0,0.0,0.0,100.94315923552266,-35.58434692231461,7,0,0,0
1382,0.0,0.0,0.0,101.62710042678201,-34.85480977665392,7,0,0,0
1383,0.0,0.0,0.0,102.31104161804136,-34.12527263099324,7,0,0,0
1384,0.0,0.0,0.0,102.99498280930071,-33.39573548533255,7,0,0,0
1385,0.0,0.0,0.0,103.67892400056006,-32.666198339671865,7,0,0,0
1386,0.0,0.0,0.0,104.36286519181941,-31.936661194011176,7,0,0,0
1387,0.0,0.0,0.0,105.04680638307876,-31.20712404835049,7,0,0,0
1388,0.0,0.0,0.0,105.73074757433811,-30.477586902689804,7,0,0,0
1389,0.0,0.0,0.0,106.41468876559745,-29.74804975702912,7,0,0,0
1390,0.0,0.0,0.0,107.0986299568568,-29.01851261136843,7,0,0,0
1391,0.0,0.0,0.0,107.78257114811615,-28.288975465707743,7,0,0,0
1392,0.0,0.0,0.0,108.4665123393755,-27.559438320047057,7,0,0,0
1393,0.0,0.0,0.0,109.15045353063485,-26.82990117438637,7,0,0,0
1394,0.0,0.0,0.0,109.8343947218942,-26.100364028725686,7,0,0,0
1395,0.0,0.0,0.0,110.51833591315355,-25.370826883065,7,0,0,0
1396,0.0,0.0,0.0,111.2022771044129,-24.641289737404314,7,0,0,0
1397,0.0,0.0,0.0,111.88621829567225,-23.911752591743628,7,0,0,0
1398,0.0,0.0,0.0,112.5701594869316,-23.182215446082942,7,0,0,0
1399,0.0,0.0,0.0,113.25410067819095,-22.452678300422257,7,0,0,0
1400,0.0,0.0,0.0,113.9380418694503,-21.72314115476157,7,0,0,0
1401,0.0,0.0,0.0,114.62198306070965,-20.99360400910088,7,0,0,0
1402,0.0,0.0,0.0,115.305924251969,-20.264066863440195,7,0,0,0
1403,0.0,0.0,0.0,115.98986544322835,-19.53452971777951,7,0,0,0
1404,0.0,0.0,0.0,116.6738066344877,-18.804992572118824,7,0,0,0
1405,0.0,0.0,0.0,117.35774782574705,-18.075455426458138,7,0,0,0
1406,0.0,0.0,0.0,118.0416890170064,-17.345918280797452,7,0,0,0
1407,0.0,0.0,0.0,118.72563020826576,-16.616381135136763,7,0,0,0
1408,0.0,0.0,0.0,119.4095713995251,-15.886843989476077,7,0,0,0
1409,0.0,0.0,0.0,120.09351259078446,-15.157306843815391,7,0,0,0
1410,0.0,0.0,0.0,102.12865686281636,-39.43721538304371,7,0,0,0
1411,0.0,0.0,0.0,102.8125980540757,-38.70767823738302,7,0,0,0
1412,0.0,0.0,0.0,103.49653924533506,-37.978141091722335,7,0,0,0
1413,0.0,0.0,0.0,104.18048043659441,-37.24860394606165,7,0,0,0
1414,0.0,0.0,0.0,104.86442162785376,-36.519066800400964,7,0,0,0
1415,0.0,0.0,0.0,105.54836281911311,-35.78952965474028,7,0,0,0
1416,0.0,0.0,0.0,106.23230401037246,-35.05999250907959,7,0,0,0
1417,0.0,0.0,0.0,106.91624520163181,-34.330455363418906,7,0,0,0
1418,0.0,0.0,0.0,107.60018639289116,-33.60091821775822,7,0,0,0
1419,0.0,0.0,0.0,108.28412758415051,-32.871381072097535,7,0,0,0
1420,0.0,0.0,0.0,108.96806877540985,-32.14184392643684,7,0,0,0
1421,0.0,0.0,0.0,109.6520099666692,-31.412306780776156,7,0,0,0
1422,0.0,0.0,0.0,110.33595115792855,-30.68276963511547,7,0,0,0
1423,0.0,0.0,0.0,111.0198923491879,-29.953232489454784,7,0,0,0
1424,0.0,0.0,0.0,111.70383354044725,-29.2236953437941,7,0,0,0
1425,0.0,0.0,0.0,112.3877747317066,-28.494158198133412,7,0,0,0
1426,0.0,0.0,0.0,113.07171592296595,-27.764621052472727,7,0,0,0
1427,0.0,0.0,0.0,113.7556571142253,-27.03508390681204,7,0,0,0
1428,0.0,0.0,0.0,114.43959830548465,-26.305546761151355,7,0,0,0
1429,0.0,0.0,0.0,115.123539496744,-25.57600961549067,7,0,0,0
1430,0.0,0.0,0.0,115.80748068800335,-24.846472469829983,7,0,0,0
1431,0.0,0.0,0.0,116.4914218792627,-24.116935324169297,7,0,0,0
1432,0.0,0.0,0.0,117.17536307052205,-23.387398178508608,7,0,0,0
1433,0.0,0.0,0.0,117.8593042617814,-22.657861032847922,7,0,0,0
1434,0.0,0.0,0.0,118.54324545304075,-21.928323887187236,7,0,0,0
1435,0.0,0.0,0.0,119.2271866443001,-21.19878674152655,7,0,0,0
1436,0.0,0.0,0.0,119.91112783555945,-20.469249595865865,7,0,0,0
1437,0.0,0.0,0.0,120.5950690268188,-19.73971245020518,7,0,0,0
1438,0.0,0.0,0.0,121.27901021807816,-19.01017530454449,7,0,0,0
1439,0.0,0.0,0.0,121.9629514093375,-18.280638158883804,7,0,0,0
1440,0.0,0.0,0.0,122.64689260059686,-17.551101013223118,7,0,0,0
